-- MySQL dump 10.13  Distrib 8.0.36, for Linux (x86_64)
--
-- Host: localhost    Database: skillissue
-- ------------------------------------------------------
-- Server version	8.0.36
/*!40101 SET @OLD_CHARACTER_SET_CLIENT=@@CHARACTER_SET_CLIENT */;

/*!40101 SET @OLD_CHARACTER_SET_RESULTS=@@CHARACTER_SET_RESULTS */;

/*!40101 SET @OLD_COLLATION_CONNECTION=@@COLLATION_CONNECTION */;

/*!50503 SET NAMES utf8mb4 */;

/*!40103 SET @OLD_TIME_ZONE=@@TIME_ZONE */;

/*!40103 SET TIME_ZONE='+00:00' */;

/*!40014 SET @OLD_UNIQUE_CHECKS=@@UNIQUE_CHECKS, UNIQUE_CHECKS=0 */;

/*!40014 SET @OLD_FOREIGN_KEY_CHECKS=@@FOREIGN_KEY_CHECKS, FOREIGN_KEY_CHECKS=0 */;

/*!40101 SET @OLD_SQL_MODE=@@SQL_MODE, SQL_MODE='NO_AUTO_VALUE_ON_ZERO' */;

/*!40111 SET @OLD_SQL_NOTES=@@SQL_NOTES, SQL_NOTES=0 */;

--
-- Table structure for table `answers`
--
DROP TABLE IF EXISTS `answers`;

/*!40101 SET @saved_cs_client     = @@character_set_client */;

/*!50503 SET character_set_client = utf8mb4 */;

CREATE TABLE
  `answers` (
    `id` bigint unsigned NOT NULL AUTO_INCREMENT,
    `question_id` bigint unsigned NOT NULL,
    `answer` varchar(255) COLLATE utf8mb4_unicode_ci NOT NULL,
    `is_correct` tinyint (1) NOT NULL,
    `created_at` timestamp NULL DEFAULT NULL,
    `updated_at` timestamp NULL DEFAULT NULL,
    `deleted_at` timestamp NULL DEFAULT NULL,
    PRIMARY KEY (`id`),
    UNIQUE KEY `answers_question_id_answer_unique` (`question_id`, `answer`),
    CONSTRAINT `answers_question_id_foreign` FOREIGN KEY (`question_id`) REFERENCES `questions` (`id`) ON DELETE CASCADE
  ) ENGINE = InnoDB AUTO_INCREMENT = 485 DEFAULT CHARSET = utf8mb4 COLLATE = utf8mb4_unicode_ci;

/*!40101 SET character_set_client = @saved_cs_client */;

--
-- Dumping data for table `answers`
--
LOCK TABLES `answers` WRITE;

/*!40000 ALTER TABLE `answers` DISABLE KEYS */;

INSERT INTO
  `answers`
VALUES
  (
    1,
    1,
    '1526*',
    1,
    '2026-04-13 13:10:19',
    '2026-04-13 13:10:19',
    NULL
  ),
  (
    2,
    1,
    '1453',
    0,
    '2026-04-13 13:10:19',
    '2026-04-13 13:10:19',
    NULL
  ),
  (
    3,
    1,
    '1541',
    0,
    '2026-04-13 13:10:19',
    '2026-04-13 13:10:19',
    NULL
  ),
  (
    4,
    1,
    '1686',
    0,
    '2026-04-13 13:10:19',
    '2026-04-13 13:10:19',
    NULL
  ),
  (
    5,
    2,
    'I. Szulejmán*',
    1,
    '2026-04-13 13:10:19',
    '2026-04-13 13:10:19',
    NULL
  ),
  (
    6,
    2,
    'II. Mehmed',
    0,
    '2026-04-13 13:10:19',
    '2026-04-13 13:10:19',
    NULL
  ),
  (
    7,
    2,
    'I. Szelim',
    0,
    '2026-04-13 13:10:19',
    '2026-04-13 13:10:19',
    NULL
  ),
  (
    8,
    2,
    'Murád szultán',
    0,
    '2026-04-13 13:10:19',
    '2026-04-13 13:10:19',
    NULL
  ),
  (
    9,
    3,
    '1541*',
    1,
    '2026-04-13 13:10:19',
    '2026-04-13 13:10:19',
    NULL
  ),
  (
    10,
    3,
    '1526',
    0,
    '2026-04-13 13:10:19',
    '2026-04-13 13:10:19',
    NULL
  ),
  (
    11,
    3,
    '1566',
    0,
    '2026-04-13 13:10:19',
    '2026-04-13 13:10:19',
    NULL
  ),
  (
    12,
    3,
    '1552',
    0,
    '2026-04-13 13:10:19',
    '2026-04-13 13:10:19',
    NULL
  ),
  (
    13,
    4,
    'I. István*',
    1,
    '2026-04-13 13:10:19',
    '2026-04-13 13:10:19',
    NULL
  ),
  (
    14,
    4,
    'Géza fejedelem',
    0,
    '2026-04-13 13:10:19',
    '2026-04-13 13:10:19',
    NULL
  ),
  (
    15,
    4,
    'I. László',
    0,
    '2026-04-13 13:10:19',
    '2026-04-13 13:10:19',
    NULL
  ),
  (
    16,
    4,
    'Koppány',
    0,
    '2026-04-13 13:10:19',
    '2026-04-13 13:10:19',
    NULL
  ),
  (
    17,
    5,
    '1000*',
    1,
    '2026-04-13 13:10:19',
    '2026-04-13 13:10:19',
    NULL
  ),
  (
    18,
    5,
    '896',
    0,
    '2026-04-13 13:10:19',
    '2026-04-13 13:10:19',
    NULL
  ),
  (
    19,
    5,
    '972',
    0,
    '2026-04-13 13:10:19',
    '2026-04-13 13:10:19',
    NULL
  ),
  (
    20,
    5,
    '1038',
    0,
    '2026-04-13 13:10:19',
    '2026-04-13 13:10:19',
    NULL
  ),
  (
    21,
    6,
    'Augsburgi csata (Lech-mező)*',
    1,
    '2026-04-13 13:10:19',
    '2026-04-13 13:10:19',
    NULL
  ),
  (
    22,
    6,
    'Pozsonyi csata',
    0,
    '2026-04-13 13:10:19',
    '2026-04-13 13:10:19',
    NULL
  ),
  (
    23,
    6,
    'Rigómezei csata',
    0,
    '2026-04-13 13:10:19',
    '2026-04-13 13:10:19',
    NULL
  ),
  (
    24,
    6,
    'Muhi csata',
    0,
    '2026-04-13 13:10:19',
    '2026-04-13 13:10:19',
    NULL
  ),
  (
    25,
    7,
    '1241–1242*',
    1,
    '2026-04-13 13:10:19',
    '2026-04-13 13:10:19',
    NULL
  ),
  (
    26,
    7,
    '1301–1302',
    0,
    '2026-04-13 13:10:19',
    '2026-04-13 13:10:19',
    NULL
  ),
  (
    27,
    7,
    '1222–1223',
    0,
    '2026-04-13 13:10:19',
    '2026-04-13 13:10:19',
    NULL
  ),
  (
    28,
    7,
    '1285–1286',
    0,
    '2026-04-13 13:10:19',
    '2026-04-13 13:10:19',
    NULL
  ),
  (
    29,
    8,
    'A nemesek jogait rögzítő oklevél*',
    1,
    '2026-04-13 13:10:19',
    '2026-04-13 13:10:19',
    NULL
  ),
  (
    30,
    8,
    'A jobbágyok felszabadítását kimondó törvény',
    0,
    '2026-04-13 13:10:19',
    '2026-04-13 13:10:19',
    NULL
  ),
  (
    31,
    8,
    'Az egyház és állam szétválasztásáról szóló rendelet',
    0,
    '2026-04-13 13:10:19',
    '2026-04-13 13:10:19',
    NULL
  ),
  (
    32,
    8,
    'Kereskedelmi szerződés a Német-római Birodalommal',
    0,
    '2026-04-13 13:10:19',
    '2026-04-13 13:10:19',
    NULL
  ),
  (
    33,
    9,
    'Mátyás király*',
    1,
    '2026-04-13 13:10:19',
    '2026-04-13 13:10:19',
    NULL
  ),
  (
    34,
    9,
    'László',
    0,
    '2026-04-13 13:10:19',
    '2026-04-13 13:10:19',
    NULL
  ),
  (
    35,
    9,
    'János',
    0,
    '2026-04-13 13:10:19',
    '2026-04-13 13:10:19',
    NULL
  ),
  (
    36,
    9,
    'Ulászló',
    0,
    '2026-04-13 13:10:20',
    '2026-04-13 13:10:20',
    NULL
  ),
  (
    37,
    10,
    '1456*',
    1,
    '2026-04-13 13:10:20',
    '2026-04-13 13:10:20',
    NULL
  ),
  (
    38,
    10,
    '1444',
    0,
    '2026-04-13 13:10:20',
    '2026-04-13 13:10:20',
    NULL
  ),
  (
    39,
    10,
    '1463',
    0,
    '2026-04-13 13:10:20',
    '2026-04-13 13:10:20',
    NULL
  ),
  (
    40,
    10,
    '1521',
    0,
    '2026-04-13 13:10:20',
    '2026-04-13 13:10:20',
    NULL
  ),
  (
    41,
    11,
    'Anjou*',
    1,
    '2026-04-13 13:10:20',
    '2026-04-13 13:10:20',
    NULL
  ),
  (
    42,
    11,
    'Árpád',
    0,
    '2026-04-13 13:10:20',
    '2026-04-13 13:10:20',
    NULL
  ),
  (
    43,
    11,
    'Habsburg',
    0,
    '2026-04-13 13:10:20',
    '2026-04-13 13:10:20',
    NULL
  ),
  (
    44,
    11,
    'Jagello',
    0,
    '2026-04-13 13:10:20',
    '2026-04-13 13:10:20',
    NULL
  ),
  (
    45,
    12,
    '1699 (karlócai béke)*',
    1,
    '2026-04-13 13:10:20',
    '2026-04-13 13:10:20',
    NULL
  ),
  (
    46,
    12,
    '1686',
    0,
    '2026-04-13 13:10:20',
    '2026-04-13 13:10:20',
    NULL
  ),
  (
    47,
    12,
    '1718',
    0,
    '2026-04-13 13:10:20',
    '2026-04-13 13:10:20',
    NULL
  ),
  (
    48,
    12,
    '1711',
    0,
    '2026-04-13 13:10:20',
    '2026-04-13 13:10:20',
    NULL
  ),
  (
    49,
    13,
    'II. Rákóczi Ferenc*',
    1,
    '2026-04-13 13:10:20',
    '2026-04-13 13:10:20',
    NULL
  ),
  (
    50,
    13,
    'Thököly Imre',
    0,
    '2026-04-13 13:10:20',
    '2026-04-13 13:10:20',
    NULL
  ),
  (
    51,
    13,
    'Zrínyi Miklós',
    0,
    '2026-04-13 13:10:20',
    '2026-04-13 13:10:20',
    NULL
  ),
  (
    52,
    13,
    'Bocskai István',
    0,
    '2026-04-13 13:10:20',
    '2026-04-13 13:10:20',
    NULL
  ),
  (
    53,
    14,
    '1791*',
    1,
    '2026-04-13 13:10:20',
    '2026-04-13 13:10:20',
    NULL
  ),
  (
    54,
    14,
    '1802',
    0,
    '2026-04-13 13:10:20',
    '2026-04-13 13:10:20',
    NULL
  ),
  (
    55,
    14,
    '1783',
    0,
    '2026-04-13 13:10:20',
    '2026-04-13 13:10:20',
    NULL
  ),
  (
    56,
    14,
    '1809',
    0,
    '2026-04-13 13:10:20',
    '2026-04-13 13:10:20',
    NULL
  ),
  (
    57,
    15,
    'Széchenyi Istvánt*',
    1,
    '2026-04-13 13:10:20',
    '2026-04-13 13:10:20',
    NULL
  ),
  (
    58,
    15,
    'Kossuth Lajost',
    0,
    '2026-04-13 13:10:20',
    '2026-04-13 13:10:20',
    NULL
  ),
  (
    59,
    15,
    'Deák Ferencet',
    0,
    '2026-04-13 13:10:20',
    '2026-04-13 13:10:20',
    NULL
  ),
  (
    60,
    15,
    'Petőfi Sándort',
    0,
    '2026-04-13 13:10:20',
    '2026-04-13 13:10:20',
    NULL
  ),
  (
    61,
    16,
    'Március 15.*',
    1,
    '2026-04-13 13:10:20',
    '2026-04-13 13:10:20',
    NULL
  ),
  (
    62,
    16,
    'Március 3.',
    0,
    '2026-04-13 13:10:20',
    '2026-04-13 13:10:20',
    NULL
  ),
  (
    63,
    16,
    'Február 24.',
    0,
    '2026-04-13 13:10:20',
    '2026-04-13 13:10:20',
    NULL
  ),
  (
    64,
    16,
    'Április 11.',
    0,
    '2026-04-13 13:10:20',
    '2026-04-13 13:10:20',
    NULL
  ),
  (
    65,
    17,
    'Görgei Artúr*',
    1,
    '2026-04-13 13:10:20',
    '2026-04-13 13:10:20',
    NULL
  ),
  (
    66,
    17,
    'Kossuth Lajos',
    0,
    '2026-04-13 13:10:20',
    '2026-04-13 13:10:20',
    NULL
  ),
  (
    67,
    17,
    'Bem József',
    0,
    '2026-04-13 13:10:20',
    '2026-04-13 13:10:20',
    NULL
  ),
  (
    68,
    17,
    'Damjanich János',
    0,
    '2026-04-13 13:10:20',
    '2026-04-13 13:10:20',
    NULL
  ),
  (
    69,
    18,
    '1867*',
    1,
    '2026-04-13 13:10:20',
    '2026-04-13 13:10:20',
    NULL
  ),
  (
    70,
    18,
    '1849',
    0,
    '2026-04-13 13:10:20',
    '2026-04-13 13:10:20',
    NULL
  ),
  (
    71,
    18,
    '1873',
    0,
    '2026-04-13 13:10:20',
    '2026-04-13 13:10:20',
    NULL
  ),
  (
    72,
    18,
    '1860',
    0,
    '2026-04-13 13:10:20',
    '2026-04-13 13:10:20',
    NULL
  ),
  (
    73,
    19,
    'Deák Ferenc*',
    1,
    '2026-04-13 13:10:20',
    '2026-04-13 13:10:20',
    NULL
  ),
  (
    74,
    19,
    'Andrássy Gyula',
    0,
    '2026-04-13 13:10:20',
    '2026-04-13 13:10:20',
    NULL
  ),
  (
    75,
    19,
    'Tisza Kálmán',
    0,
    '2026-04-13 13:10:20',
    '2026-04-13 13:10:20',
    NULL
  ),
  (
    76,
    19,
    'Eötvös József',
    0,
    '2026-04-13 13:10:20',
    '2026-04-13 13:10:20',
    NULL
  ),
  (
    77,
    20,
    '1914*',
    1,
    '2026-04-13 13:10:20',
    '2026-04-13 13:10:20',
    NULL
  ),
  (
    78,
    20,
    '1912',
    0,
    '2026-04-13 13:10:20',
    '2026-04-13 13:10:20',
    NULL
  ),
  (
    79,
    20,
    '1916',
    0,
    '2026-04-13 13:10:20',
    '2026-04-13 13:10:20',
    NULL
  ),
  (
    80,
    20,
    '1918',
    0,
    '2026-04-13 13:10:20',
    '2026-04-13 13:10:20',
    NULL
  ),
  (
    81,
    21,
    'Trianoni békeszerződés*',
    1,
    '2026-04-13 13:10:20',
    '2026-04-13 13:10:20',
    NULL
  ),
  (
    82,
    21,
    'Versailles-i békeszerződés',
    0,
    '2026-04-13 13:10:20',
    '2026-04-13 13:10:20',
    NULL
  ),
  (
    83,
    21,
    'Saint-germaini békeszerződés',
    0,
    '2026-04-13 13:10:20',
    '2026-04-13 13:10:20',
    NULL
  ),
  (
    84,
    21,
    'Párizsi békeszerződés',
    0,
    '2026-04-13 13:10:20',
    '2026-04-13 13:10:20',
    NULL
  ),
  (
    85,
    22,
    '1920. június 4.*',
    1,
    '2026-04-13 13:10:20',
    '2026-04-13 13:10:20',
    NULL
  ),
  (
    86,
    22,
    '1919. november 11.',
    0,
    '2026-04-13 13:10:20',
    '2026-04-13 13:10:20',
    NULL
  ),
  (
    87,
    22,
    '1921. március 1.',
    0,
    '2026-04-13 13:10:20',
    '2026-04-13 13:10:20',
    NULL
  ),
  (
    88,
    22,
    '1918. október 31.',
    0,
    '2026-04-13 13:10:20',
    '2026-04-13 13:10:20',
    NULL
  ),
  (
    89,
    23,
    'Horthy Miklós*',
    1,
    '2026-04-13 13:10:20',
    '2026-04-13 13:10:20',
    NULL
  ),
  (
    90,
    23,
    'Bethlen István',
    0,
    '2026-04-13 13:10:20',
    '2026-04-13 13:10:20',
    NULL
  ),
  (
    91,
    23,
    'Gömbös Gyula',
    0,
    '2026-04-13 13:10:20',
    '2026-04-13 13:10:20',
    NULL
  ),
  (
    92,
    23,
    'Teleki Pál',
    0,
    '2026-04-13 13:10:20',
    '2026-04-13 13:10:20',
    NULL
  ),
  (
    93,
    24,
    '1939*',
    1,
    '2026-04-13 13:10:20',
    '2026-04-13 13:10:20',
    NULL
  ),
  (
    94,
    24,
    '1938',
    0,
    '2026-04-13 13:10:20',
    '2026-04-13 13:10:20',
    NULL
  ),
  (
    95,
    24,
    '1941',
    0,
    '2026-04-13 13:10:20',
    '2026-04-13 13:10:20',
    NULL
  ),
  (
    96,
    24,
    '1940',
    0,
    '2026-04-13 13:10:20',
    '2026-04-13 13:10:20',
    NULL
  ),
  (
    97,
    25,
    '1945. február 13.*',
    1,
    '2026-04-13 13:10:20',
    '2026-04-13 13:10:20',
    NULL
  ),
  (
    98,
    25,
    '1944. december 24.',
    0,
    '2026-04-13 13:10:20',
    '2026-04-13 13:10:20',
    NULL
  ),
  (
    99,
    25,
    '1945. április 4.',
    0,
    '2026-04-13 13:10:20',
    '2026-04-13 13:10:20',
    NULL
  ),
  (
    100,
    25,
    '1945. május 9.',
    0,
    '2026-04-13 13:10:20',
    '2026-04-13 13:10:20',
    NULL
  ),
  (
    101,
    26,
    'Rákosi Mátyás*',
    1,
    '2026-04-13 13:10:20',
    '2026-04-13 13:10:20',
    NULL
  ),
  (
    102,
    26,
    'Gerő Ernő',
    0,
    '2026-04-13 13:10:20',
    '2026-04-13 13:10:20',
    NULL
  ),
  (
    103,
    26,
    'Nagy Imre',
    0,
    '2026-04-13 13:10:20',
    '2026-04-13 13:10:20',
    NULL
  ),
  (
    104,
    26,
    'Kádár János',
    0,
    '2026-04-13 13:10:20',
    '2026-04-13 13:10:20',
    NULL
  ),
  (
    105,
    27,
    'Október 23.*',
    1,
    '2026-04-13 13:10:20',
    '2026-04-13 13:10:20',
    NULL
  ),
  (
    106,
    27,
    'Október 15.',
    0,
    '2026-04-13 13:10:20',
    '2026-04-13 13:10:20',
    NULL
  ),
  (
    107,
    27,
    'November 4.',
    0,
    '2026-04-13 13:10:20',
    '2026-04-13 13:10:20',
    NULL
  ),
  (
    108,
    27,
    'Szeptember 30.',
    0,
    '2026-04-13 13:10:20',
    '2026-04-13 13:10:20',
    NULL
  ),
  (
    109,
    28,
    'Nagy Imre*',
    1,
    '2026-04-13 13:10:20',
    '2026-04-13 13:10:20',
    NULL
  ),
  (
    110,
    28,
    'Kádár János',
    0,
    '2026-04-13 13:10:20',
    '2026-04-13 13:10:20',
    NULL
  ),
  (
    111,
    28,
    'Rákosi Mátyás',
    0,
    '2026-04-13 13:10:20',
    '2026-04-13 13:10:20',
    NULL
  ),
  (
    112,
    28,
    'Gerő Ernő',
    0,
    '2026-04-13 13:10:20',
    '2026-04-13 13:10:20',
    NULL
  ),
  (
    113,
    29,
    '1990*',
    1,
    '2026-04-13 13:10:20',
    '2026-04-13 13:10:20',
    NULL
  ),
  (
    114,
    29,
    '1989',
    0,
    '2026-04-13 13:10:20',
    '2026-04-13 13:10:20',
    NULL
  ),
  (
    115,
    29,
    '1991',
    0,
    '2026-04-13 13:10:20',
    '2026-04-13 13:10:20',
    NULL
  ),
  (
    116,
    29,
    '1988',
    0,
    '2026-04-13 13:10:20',
    '2026-04-13 13:10:20',
    NULL
  ),
  (
    117,
    30,
    '2004*',
    1,
    '2026-04-13 13:10:20',
    '2026-04-13 13:10:20',
    NULL
  ),
  (
    118,
    30,
    '1999',
    0,
    '2026-04-13 13:10:20',
    '2026-04-13 13:10:20',
    NULL
  ),
  (
    119,
    30,
    '2007',
    0,
    '2026-04-13 13:10:20',
    '2026-04-13 13:10:20',
    NULL
  ),
  (
    120,
    30,
    '2002',
    0,
    '2026-04-13 13:10:20',
    '2026-04-13 13:10:20',
    NULL
  ),
  (
    121,
    31,
    'Oklevelek és levelek kiadása*',
    1,
    '2026-04-13 13:10:20',
    '2026-04-13 13:10:20',
    NULL
  ),
  (
    122,
    31,
    'Adók behajtása',
    0,
    '2026-04-13 13:10:20',
    '2026-04-13 13:10:20',
    NULL
  ),
  (
    123,
    31,
    'Hadsereg toborzása',
    0,
    '2026-04-13 13:10:20',
    '2026-04-13 13:10:20',
    NULL
  ),
  (
    124,
    31,
    'Bírósági ítéletek végrehajtása',
    0,
    '2026-04-13 13:10:20',
    '2026-04-13 13:10:20',
    NULL
  ),
  (
    125,
    32,
    'Adószedés, bíráskodás, katonai feladatok*',
    1,
    '2026-04-13 13:10:20',
    '2026-04-13 13:10:20',
    NULL
  ),
  (
    126,
    32,
    'Templomok építése és fenntartása',
    0,
    '2026-04-13 13:10:20',
    '2026-04-13 13:10:20',
    NULL
  ),
  (
    127,
    32,
    'Kereskedelem felügyelete',
    0,
    '2026-04-13 13:10:20',
    '2026-04-13 13:10:20',
    NULL
  ),
  (
    128,
    32,
    'Csak a király személyes védelme',
    0,
    '2026-04-13 13:10:20',
    '2026-04-13 13:10:20',
    NULL
  ),
  (
    129,
    33,
    '1215*',
    1,
    '2026-04-13 13:10:20',
    '2026-04-13 13:10:20',
    NULL
  ),
  (
    130,
    33,
    '1066',
    0,
    '2026-04-13 13:10:20',
    '2026-04-13 13:10:20',
    NULL
  ),
  (
    131,
    33,
    '1265',
    0,
    '2026-04-13 13:10:20',
    '2026-04-13 13:10:20',
    NULL
  ),
  (
    132,
    33,
    '1189',
    0,
    '2026-04-13 13:10:20',
    '2026-04-13 13:10:20',
    NULL
  ),
  (
    133,
    34,
    'Beleszólást a hatalomba és az adózásba*',
    1,
    '2026-04-13 13:10:20',
    '2026-04-13 13:10:20',
    NULL
  ),
  (
    134,
    34,
    'Teljes adómentességet',
    0,
    '2026-04-13 13:10:20',
    '2026-04-13 13:10:20',
    NULL
  ),
  (
    135,
    34,
    'Saját hadsereg tartásának jogát',
    0,
    '2026-04-13 13:10:20',
    '2026-04-13 13:10:20',
    NULL
  ),
  (
    136,
    34,
    'A király leváltásának jogát',
    0,
    '2026-04-13 13:10:20',
    '2026-04-13 13:10:20',
    NULL
  ),
  (
    137,
    35,
    'Feltételekkel adományozott örökletes birtok*',
    1,
    '2026-04-13 13:10:21',
    '2026-04-13 13:10:21',
    NULL
  ),
  (
    138,
    35,
    'Az egyház tulajdonában lévő föld',
    0,
    '2026-04-13 13:10:21',
    '2026-04-13 13:10:21',
    NULL
  ),
  (
    139,
    35,
    'A király személyes magánbirtoka',
    0,
    '2026-04-13 13:10:21',
    '2026-04-13 13:10:21',
    NULL
  ),
  (
    140,
    35,
    'Szabad parasztok által művelt közföld',
    0,
    '2026-04-13 13:10:21',
    '2026-04-13 13:10:21',
    NULL
  ),
  (
    141,
    36,
    'Aki hűbérbirtokot adományoz szolgálatért*',
    1,
    '2026-04-13 13:10:21',
    '2026-04-13 13:10:21',
    NULL
  ),
  (
    142,
    36,
    'Aki hűbérbirtokot kap és hűséget esküszik',
    0,
    '2026-04-13 13:10:21',
    '2026-04-13 13:10:21',
    NULL
  ),
  (
    143,
    36,
    'Az egyházmegye feje',
    0,
    '2026-04-13 13:10:21',
    '2026-04-13 13:10:21',
    NULL
  ),
  (
    144,
    36,
    'A király személyes testőre',
    0,
    '2026-04-13 13:10:21',
    '2026-04-13 13:10:21',
    NULL
  ),
  (
    145,
    37,
    'Aki hűbérbirtokot kap és hűséget esküszik*',
    1,
    '2026-04-13 13:10:21',
    '2026-04-13 13:10:21',
    NULL
  ),
  (
    146,
    37,
    'Aki hűbérbirtokot adományoz',
    0,
    '2026-04-13 13:10:21',
    '2026-04-13 13:10:21',
    NULL
  ),
  (
    147,
    37,
    'Szabad földműves',
    0,
    '2026-04-13 13:10:21',
    '2026-04-13 13:10:21',
    NULL
  ),
  (
    148,
    37,
    'Városi polgár',
    0,
    '2026-04-13 13:10:21',
    '2026-04-13 13:10:21',
    NULL
  ),
  (
    149,
    38,
    'Törvényhozás és adómegszavazás*',
    1,
    '2026-04-13 13:10:21',
    '2026-04-13 13:10:21',
    NULL
  ),
  (
    150,
    38,
    'A pápa megválasztása',
    0,
    '2026-04-13 13:10:21',
    '2026-04-13 13:10:21',
    NULL
  ),
  (
    151,
    38,
    'Hadüzenet kihirdetése',
    0,
    '2026-04-13 13:10:21',
    '2026-04-13 13:10:21',
    NULL
  ),
  (
    152,
    38,
    'Jobbágyok bírósági ítélkezése',
    0,
    '2026-04-13 13:10:21',
    '2026-04-13 13:10:21',
    NULL
  ),
  (
    153,
    39,
    '751-ben*',
    1,
    '2026-04-13 13:10:21',
    '2026-04-13 13:10:21',
    NULL
  ),
  (
    154,
    39,
    '800-ban',
    0,
    '2026-04-13 13:10:21',
    '2026-04-13 13:10:21',
    NULL
  ),
  (
    155,
    39,
    '1054-ben',
    0,
    '2026-04-13 13:10:21',
    '2026-04-13 13:10:21',
    NULL
  ),
  (
    156,
    39,
    '590-ben',
    0,
    '2026-04-13 13:10:21',
    '2026-04-13 13:10:21',
    NULL
  ),
  (
    157,
    40,
    'Hűbérurak, vazallusok és jobbágyok függési rendszere*',
    1,
    '2026-04-13 13:10:21',
    '2026-04-13 13:10:21',
    NULL
  ),
  (
    158,
    40,
    'Városi polgárok önkormányzata',
    0,
    '2026-04-13 13:10:21',
    '2026-04-13 13:10:21',
    NULL
  ),
  (
    159,
    40,
    'Az egyház és az állam egysége',
    0,
    '2026-04-13 13:10:21',
    '2026-04-13 13:10:21',
    NULL
  ),
  (
    160,
    40,
    'Kereskedők céhrendszere',
    0,
    '2026-04-13 13:10:21',
    '2026-04-13 13:10:21',
    NULL
  ),
  (
    161,
    41,
    'A jobbágy kötelező ingyenmunkája a földesúrnak*',
    1,
    '2026-04-13 13:10:21',
    '2026-04-13 13:10:21',
    NULL
  ),
  (
    162,
    41,
    'Pénzben fizetett évi adó',
    0,
    '2026-04-13 13:10:21',
    '2026-04-13 13:10:21',
    NULL
  ),
  (
    163,
    41,
    'Az egyháznak fizetett terményadó',
    0,
    '2026-04-13 13:10:21',
    '2026-04-13 13:10:21',
    NULL
  ),
  (
    164,
    41,
    'Katonai szolgálat a királynak',
    0,
    '2026-04-13 13:10:21',
    '2026-04-13 13:10:21',
    NULL
  ),
  (
    165,
    42,
    'A jobbágy által terményben fizetett járadék*',
    1,
    '2026-04-13 13:10:21',
    '2026-04-13 13:10:21',
    NULL
  ),
  (
    166,
    42,
    'Az egyháznak fizetett pénzadó',
    0,
    '2026-04-13 13:10:21',
    '2026-04-13 13:10:21',
    NULL
  ),
  (
    167,
    42,
    'A király részére végzett fuvarszolgálat',
    0,
    '2026-04-13 13:10:21',
    '2026-04-13 13:10:21',
    NULL
  ),
  (
    168,
    42,
    'Kötelező katonai szolgálat',
    0,
    '2026-04-13 13:10:21',
    '2026-04-13 13:10:21',
    NULL
  ),
  (
    169,
    43,
    'Pihentetett, bevetetlen szántóföld*',
    1,
    '2026-04-13 13:10:21',
    '2026-04-13 13:10:21',
    NULL
  ),
  (
    170,
    43,
    'Tavasszal bevetett földterület',
    0,
    '2026-04-13 13:10:21',
    '2026-04-13 13:10:21',
    NULL
  ),
  (
    171,
    43,
    'A földesúr saját kezelésű birtoka',
    0,
    '2026-04-13 13:10:21',
    '2026-04-13 13:10:21',
    NULL
  ),
  (
    172,
    43,
    'Erdőből irtott új szántó',
    0,
    '2026-04-13 13:10:21',
    '2026-04-13 13:10:21',
    NULL
  ),
  (
    173,
    44,
    'Háromra: őszi vetés, tavaszi vetés, ugar*',
    1,
    '2026-04-13 13:10:21',
    '2026-04-13 13:10:21',
    NULL
  ),
  (
    174,
    44,
    'Kettőre: vetés és ugar',
    0,
    '2026-04-13 13:10:21',
    '2026-04-13 13:10:21',
    NULL
  ),
  (
    175,
    44,
    'Négyre: négy évszak szerint',
    0,
    '2026-04-13 13:10:21',
    '2026-04-13 13:10:21',
    NULL
  ),
  (
    176,
    44,
    'Ötre: különböző gabonafajták szerint',
    0,
    '2026-04-13 13:10:21',
    '2026-04-13 13:10:21',
    NULL
  ),
  (
    177,
    45,
    'Az egyháznak fizetett adó, a termény tizede*',
    1,
    '2026-04-13 13:10:21',
    '2026-04-13 13:10:21',
    NULL
  ),
  (
    178,
    45,
    'A királynak fizetett hadiadó',
    0,
    '2026-04-13 13:10:21',
    '2026-04-13 13:10:21',
    NULL
  ),
  (
    179,
    45,
    'A jobbágy kötelező munkaszolgálata',
    0,
    '2026-04-13 13:10:21',
    '2026-04-13 13:10:21',
    NULL
  ),
  (
    180,
    45,
    'A városi polgárok vámfizetési kötelezettsége',
    0,
    '2026-04-13 13:10:21',
    '2026-04-13 13:10:21',
    NULL
  ),
  (
    181,
    46,
    'A földesúr bírósága a jobbágyok felett*',
    1,
    '2026-04-13 13:10:21',
    '2026-04-13 13:10:21',
    NULL
  ),
  (
    182,
    46,
    'A nemesek gyűlése',
    0,
    '2026-04-13 13:10:21',
    '2026-04-13 13:10:21',
    NULL
  ),
  (
    183,
    46,
    'A király tanácsadó testülete',
    0,
    '2026-04-13 13:10:21',
    '2026-04-13 13:10:21',
    NULL
  ),
  (
    184,
    46,
    'Egyházi törvényszék',
    0,
    '2026-04-13 13:10:21',
    '2026-04-13 13:10:21',
    NULL
  ),
  (
    185,
    47,
    'A földesúr saját kezelésű birtoka*',
    1,
    '2026-04-13 13:10:21',
    '2026-04-13 13:10:21',
    NULL
  ),
  (
    186,
    47,
    'A jobbágy által bérelt földterület',
    0,
    '2026-04-13 13:10:21',
    '2026-04-13 13:10:21',
    NULL
  ),
  (
    187,
    47,
    'Közösen használt legelő',
    0,
    '2026-04-13 13:10:21',
    '2026-04-13 13:10:21',
    NULL
  ),
  (
    188,
    47,
    'A király adományozta nemesi birtok',
    0,
    '2026-04-13 13:10:21',
    '2026-04-13 13:10:21',
    NULL
  ),
  (
    189,
    48,
    'Megkönnyítette a ló igavonását*',
    1,
    '2026-04-13 13:10:21',
    '2026-04-13 13:10:21',
    NULL
  ),
  (
    190,
    48,
    'Védte a lovat csatában',
    0,
    '2026-04-13 13:10:21',
    '2026-04-13 13:10:21',
    NULL
  ),
  (
    191,
    48,
    'Gyorsabbá tette a lovak etetését',
    0,
    '2026-04-13 13:10:21',
    '2026-04-13 13:10:21',
    NULL
  ),
  (
    192,
    48,
    'Lehetővé tette a lovak patkolását',
    0,
    '2026-04-13 13:10:21',
    '2026-04-13 13:10:21',
    NULL
  ),
  (
    193,
    49,
    '1054-ben*',
    1,
    '2026-04-13 13:10:21',
    '2026-04-13 13:10:21',
    NULL
  ),
  (
    194,
    49,
    '800-ban',
    0,
    '2026-04-13 13:10:21',
    '2026-04-13 13:10:21',
    NULL
  ),
  (
    195,
    49,
    '1215-ben',
    0,
    '2026-04-13 13:10:21',
    '2026-04-13 13:10:21',
    NULL
  ),
  (
    196,
    49,
    '1378-ban',
    0,
    '2026-04-13 13:10:21',
    '2026-04-13 13:10:21',
    NULL
  ),
  (
    197,
    50,
    'Nyugati (latin) és keleti (görög) egyházra*',
    1,
    '2026-04-13 13:10:21',
    '2026-04-13 13:10:21',
    NULL
  ),
  (
    198,
    50,
    'Katolikus és protestáns egyházra',
    0,
    '2026-04-13 13:10:21',
    '2026-04-13 13:10:21',
    NULL
  ),
  (
    199,
    50,
    'Római és bizánci birodalomra',
    0,
    '2026-04-13 13:10:21',
    '2026-04-13 13:10:21',
    NULL
  ),
  (
    200,
    50,
    'Pápai és császári egyházra',
    0,
    '2026-04-13 13:10:21',
    '2026-04-13 13:10:21',
    NULL
  ),
  (
    201,
    51,
    'Az egyház ügyeit megtárgyaló gyűlés*',
    1,
    '2026-04-13 13:10:21',
    '2026-04-13 13:10:21',
    NULL
  ),
  (
    202,
    51,
    'A pápa személyes imaterme',
    0,
    '2026-04-13 13:10:21',
    '2026-04-13 13:10:21',
    NULL
  ),
  (
    203,
    51,
    'Katonai gyűlés a keresztes háborúk előtt',
    0,
    '2026-04-13 13:10:21',
    '2026-04-13 13:10:21',
    NULL
  ),
  (
    204,
    51,
    'Szerzetesi közösség szabályzata',
    0,
    '2026-04-13 13:10:21',
    '2026-04-13 13:10:21',
    NULL
  ),
  (
    205,
    52,
    'A bíborosok*',
    1,
    '2026-04-13 13:10:21',
    '2026-04-13 13:10:21',
    NULL
  ),
  (
    206,
    52,
    'Az érsekek',
    0,
    '2026-04-13 13:10:21',
    '2026-04-13 13:10:21',
    NULL
  ),
  (
    207,
    52,
    'A püspökök',
    0,
    '2026-04-13 13:10:21',
    '2026-04-13 13:10:21',
    NULL
  ),
  (
    208,
    52,
    'A szerzetesrendek elöljárói',
    0,
    '2026-04-13 13:10:21',
    '2026-04-13 13:10:21',
    NULL
  ),
  (
    209,
    53,
    'Az érsek egy egyháztartomány, a püspök egy egyházmegye vezetője*',
    1,
    '2026-04-13 13:10:21',
    '2026-04-13 13:10:21',
    NULL
  ),
  (
    210,
    53,
    'A püspök rangban felette áll az érseknek',
    0,
    '2026-04-13 13:10:21',
    '2026-04-13 13:10:21',
    NULL
  ),
  (
    211,
    53,
    'Az érsek csak kolostort vezet',
    0,
    '2026-04-13 13:10:21',
    '2026-04-13 13:10:21',
    NULL
  ),
  (
    212,
    53,
    'Nincs köztük rangbeli különbség',
    0,
    '2026-04-13 13:10:21',
    '2026-04-13 13:10:21',
    NULL
  ),
  (
    213,
    54,
    '529-ben*',
    1,
    '2026-04-13 13:10:21',
    '2026-04-13 13:10:21',
    NULL
  ),
  (
    214,
    54,
    '313-ban',
    0,
    '2026-04-13 13:10:21',
    '2026-04-13 13:10:21',
    NULL
  ),
  (
    215,
    54,
    '800-ban',
    0,
    '2026-04-13 13:10:21',
    '2026-04-13 13:10:21',
    NULL
  ),
  (
    216,
    54,
    '1098-ban',
    0,
    '2026-04-13 13:10:21',
    '2026-04-13 13:10:21',
    NULL
  ),
  (
    217,
    55,
    '\"Ora et labora\" (Imádkozz és dolgozz)*',
    1,
    '2026-04-13 13:10:21',
    '2026-04-13 13:10:21',
    NULL
  ),
  (
    218,
    55,
    '\"Pax et bonum\" (Béke és jó)',
    0,
    '2026-04-13 13:10:21',
    '2026-04-13 13:10:21',
    NULL
  ),
  (
    219,
    55,
    '\"Deus lo vult\" (Isten akarja)',
    0,
    '2026-04-13 13:10:21',
    '2026-04-13 13:10:21',
    NULL
  ),
  (
    220,
    55,
    '\"Omnia vincit amor\" (A szeretet mindent legyőz)',
    0,
    '2026-04-13 13:10:21',
    '2026-04-13 13:10:21',
    NULL
  ),
  (
    221,
    56,
    'A XIII. században*',
    1,
    '2026-04-13 13:10:21',
    '2026-04-13 13:10:21',
    NULL
  ),
  (
    222,
    56,
    'A VI. században',
    0,
    '2026-04-13 13:10:21',
    '2026-04-13 13:10:21',
    NULL
  ),
  (
    223,
    56,
    'A X. században',
    0,
    '2026-04-13 13:10:21',
    '2026-04-13 13:10:21',
    NULL
  ),
  (
    224,
    56,
    'A XV. században',
    0,
    '2026-04-13 13:10:21',
    '2026-04-13 13:10:21',
    NULL
  ),
  (
    225,
    57,
    'Városokban*',
    1,
    '2026-04-13 13:10:21',
    '2026-04-13 13:10:21',
    NULL
  ),
  (
    226,
    57,
    'Elszigetelt hegyvidéki kolostorokban',
    0,
    '2026-04-13 13:10:21',
    '2026-04-13 13:10:21',
    NULL
  ),
  (
    227,
    57,
    'A királyi udvarban',
    0,
    '2026-04-13 13:10:21',
    '2026-04-13 13:10:21',
    NULL
  ),
  (
    228,
    57,
    'Kizárólag a Szentföldön',
    0,
    '2026-04-13 13:10:21',
    '2026-04-13 13:10:21',
    NULL
  ),
  (
    229,
    58,
    'Az egyház tanításával ellenkező nézeteket valló személy*',
    1,
    '2026-04-13 13:10:21',
    '2026-04-13 13:10:21',
    NULL
  ),
  (
    230,
    58,
    'Más vallású hódító katona',
    0,
    '2026-04-13 13:10:21',
    '2026-04-13 13:10:21',
    NULL
  ),
  (
    231,
    58,
    'Az egyházi tizedet nem fizető paraszt',
    0,
    '2026-04-13 13:10:21',
    '2026-04-13 13:10:21',
    NULL
  ),
  (
    232,
    58,
    'A pápával politikailag szemben álló király',
    0,
    '2026-04-13 13:10:21',
    '2026-04-13 13:10:21',
    NULL
  ),
  (
    233,
    59,
    'Eretnekek felkutatására és elítélésére*',
    1,
    '2026-04-13 13:10:21',
    '2026-04-13 13:10:21',
    NULL
  ),
  (
    234,
    59,
    'Keresztes háborúk szervezésére',
    0,
    '2026-04-13 13:10:21',
    '2026-04-13 13:10:21',
    NULL
  ),
  (
    235,
    59,
    'Szerzetesrendek ellenőrzésére',
    0,
    '2026-04-13 13:10:21',
    '2026-04-13 13:10:21',
    NULL
  ),
  (
    236,
    59,
    'Pápai adók behajtására',
    0,
    '2026-04-13 13:10:21',
    '2026-04-13 13:10:21',
    NULL
  ),
  (
    237,
    60,
    'A szerzetesrend életét szabályozó szabályzat*',
    1,
    '2026-04-13 13:10:21',
    '2026-04-13 13:10:21',
    NULL
  ),
  (
    238,
    60,
    'A kolostor napi imájának rendje',
    0,
    '2026-04-13 13:10:21',
    '2026-04-13 13:10:21',
    NULL
  ),
  (
    239,
    60,
    'Az apát megválasztásának módja',
    0,
    '2026-04-13 13:10:21',
    '2026-04-13 13:10:21',
    NULL
  ),
  (
    240,
    60,
    'A pápa által kiadott rendelet',
    0,
    '2026-04-13 13:10:21',
    '2026-04-13 13:10:21',
    NULL
  ),
  (
    241,
    61,
    'A nagybirtok egésze: majorság, jobbágytelkek, közös területek*',
    1,
    '2026-04-13 13:10:21',
    '2026-04-13 13:10:21',
    NULL
  ),
  (
    242,
    61,
    'Kizárólag a földesúr lakóhelye',
    0,
    '2026-04-13 13:10:21',
    '2026-04-13 13:10:21',
    NULL
  ),
  (
    243,
    61,
    'A király által adományozott egyházi birtok',
    0,
    '2026-04-13 13:10:21',
    '2026-04-13 13:10:21',
    NULL
  ),
  (
    244,
    61,
    'Szabad parasztok falusi közössége',
    0,
    '2026-04-13 13:10:21',
    '2026-04-13 13:10:21',
    NULL
  ),
  (
    245,
    62,
    'Nemzeti dal*',
    1,
    '2026-04-13 13:10:22',
    '2026-04-13 13:10:22',
    NULL
  ),
  (
    246,
    62,
    'János vitéz',
    0,
    '2026-04-13 13:10:22',
    '2026-04-13 13:10:22',
    NULL
  ),
  (
    247,
    62,
    'Az apostol',
    0,
    '2026-04-13 13:10:22',
    '2026-04-13 13:10:22',
    NULL
  ),
  (
    248,
    62,
    'Szeptember végén',
    0,
    '2026-04-13 13:10:22',
    '2026-04-13 13:10:22',
    NULL
  ),
  (
    249,
    63,
    '1823*',
    1,
    '2026-04-13 13:10:22',
    '2026-04-13 13:10:22',
    NULL
  ),
  (
    250,
    63,
    '1817',
    0,
    '2026-04-13 13:10:22',
    '2026-04-13 13:10:22',
    NULL
  ),
  (
    251,
    63,
    '1830',
    0,
    '2026-04-13 13:10:22',
    '2026-04-13 13:10:22',
    NULL
  ),
  (
    252,
    63,
    '1819',
    0,
    '2026-04-13 13:10:22',
    '2026-04-13 13:10:22',
    NULL
  ),
  (
    253,
    64,
    'Elbeszélő költemény*',
    1,
    '2026-04-13 13:10:22',
    '2026-04-13 13:10:22',
    NULL
  ),
  (
    254,
    64,
    'Dráma',
    0,
    '2026-04-13 13:10:22',
    '2026-04-13 13:10:22',
    NULL
  ),
  (
    255,
    64,
    'Lírai vers',
    0,
    '2026-04-13 13:10:22',
    '2026-04-13 13:10:22',
    NULL
  ),
  (
    256,
    64,
    'Regény',
    0,
    '2026-04-13 13:10:22',
    '2026-04-13 13:10:22',
    NULL
  ),
  (
    257,
    65,
    'Arany János*',
    1,
    '2026-04-13 13:10:22',
    '2026-04-13 13:10:22',
    NULL
  ),
  (
    258,
    65,
    'Petőfi Sándor',
    0,
    '2026-04-13 13:10:22',
    '2026-04-13 13:10:22',
    NULL
  ),
  (
    259,
    65,
    'Vörösmarty Mihály',
    0,
    '2026-04-13 13:10:22',
    '2026-04-13 13:10:22',
    NULL
  ),
  (
    260,
    65,
    'Jókai Mór',
    0,
    '2026-04-13 13:10:22',
    '2026-04-13 13:10:22',
    NULL
  ),
  (
    261,
    66,
    'Ágnes asszony*',
    1,
    '2026-04-13 13:10:22',
    '2026-04-13 13:10:22',
    NULL
  ),
  (
    262,
    66,
    'Szondi két apródja',
    0,
    '2026-04-13 13:10:22',
    '2026-04-13 13:10:22',
    NULL
  ),
  (
    263,
    66,
    'V. László',
    0,
    '2026-04-13 13:10:22',
    '2026-04-13 13:10:22',
    NULL
  ),
  (
    264,
    66,
    'A walesi bárdok',
    0,
    '2026-04-13 13:10:22',
    '2026-04-13 13:10:22',
    NULL
  ),
  (
    265,
    67,
    'Szózat*',
    1,
    '2026-04-13 13:10:22',
    '2026-04-13 13:10:22',
    NULL
  ),
  (
    266,
    67,
    'Csongor és Tünde',
    0,
    '2026-04-13 13:10:22',
    '2026-04-13 13:10:22',
    NULL
  ),
  (
    267,
    67,
    'Vén cigány',
    0,
    '2026-04-13 13:10:22',
    '2026-04-13 13:10:22',
    NULL
  ),
  (
    268,
    67,
    'Zalán futása',
    0,
    '2026-04-13 13:10:22',
    '2026-04-13 13:10:22',
    NULL
  ),
  (
    269,
    68,
    'Felvilágosodás*',
    1,
    '2026-04-13 13:10:22',
    '2026-04-13 13:10:22',
    NULL
  ),
  (
    270,
    68,
    'Romantika',
    0,
    '2026-04-13 13:10:22',
    '2026-04-13 13:10:22',
    NULL
  ),
  (
    271,
    68,
    'Realizmus',
    0,
    '2026-04-13 13:10:22',
    '2026-04-13 13:10:22',
    NULL
  ),
  (
    272,
    68,
    'Barokk',
    0,
    '2026-04-13 13:10:22',
    '2026-04-13 13:10:22',
    NULL
  ),
  (
    273,
    69,
    'Gárdonyi Géza*',
    1,
    '2026-04-13 13:10:22',
    '2026-04-13 13:10:22',
    NULL
  ),
  (
    274,
    69,
    'Jókai Mór',
    0,
    '2026-04-13 13:10:22',
    '2026-04-13 13:10:22',
    NULL
  ),
  (
    275,
    69,
    'Mikszáth Kálmán',
    0,
    '2026-04-13 13:10:22',
    '2026-04-13 13:10:22',
    NULL
  ),
  (
    276,
    69,
    'Móricz Zsigmond',
    0,
    '2026-04-13 13:10:22',
    '2026-04-13 13:10:22',
    NULL
  ),
  (
    277,
    70,
    'Az arany ember*',
    1,
    '2026-04-13 13:10:22',
    '2026-04-13 13:10:22',
    NULL
  ),
  (
    278,
    70,
    'Bánk bán',
    0,
    '2026-04-13 13:10:22',
    '2026-04-13 13:10:22',
    NULL
  ),
  (
    279,
    70,
    'Fenn az ernyő, nincsen kas',
    0,
    '2026-04-13 13:10:22',
    '2026-04-13 13:10:22',
    NULL
  ),
  (
    280,
    70,
    'Légy jó mindhalálig',
    0,
    '2026-04-13 13:10:22',
    '2026-04-13 13:10:22',
    NULL
  ),
  (
    281,
    71,
    'Katona József*',
    1,
    '2026-04-13 13:10:22',
    '2026-04-13 13:10:22',
    NULL
  ),
  (
    282,
    71,
    'Madách Imre',
    0,
    '2026-04-13 13:10:22',
    '2026-04-13 13:10:22',
    NULL
  ),
  (
    283,
    71,
    'Vörösmarty Mihály',
    0,
    '2026-04-13 13:10:22',
    '2026-04-13 13:10:22',
    NULL
  ),
  (
    284,
    71,
    'Arany János',
    0,
    '2026-04-13 13:10:22',
    '2026-04-13 13:10:22',
    NULL
  ),
  (
    285,
    72,
    'Madách Imre*',
    1,
    '2026-04-13 13:10:22',
    '2026-04-13 13:10:22',
    NULL
  ),
  (
    286,
    72,
    'Katona József',
    0,
    '2026-04-13 13:10:22',
    '2026-04-13 13:10:22',
    NULL
  ),
  (
    287,
    72,
    'Vörösmarty Mihály',
    0,
    '2026-04-13 13:10:22',
    '2026-04-13 13:10:22',
    NULL
  ),
  (
    288,
    72,
    'Arany János',
    0,
    '2026-04-13 13:10:22',
    '2026-04-13 13:10:22',
    NULL
  ),
  (
    289,
    73,
    'Nyugat*',
    1,
    '2026-04-13 13:10:22',
    '2026-04-13 13:10:22',
    NULL
  ),
  (
    290,
    73,
    'Élet és Irodalom',
    0,
    '2026-04-13 13:10:22',
    '2026-04-13 13:10:22',
    NULL
  ),
  (
    291,
    73,
    'Magyar Csillag',
    0,
    '2026-04-13 13:10:22',
    '2026-04-13 13:10:22',
    NULL
  ),
  (
    292,
    73,
    'Uránia',
    0,
    '2026-04-13 13:10:22',
    '2026-04-13 13:10:22',
    NULL
  ),
  (
    293,
    74,
    'Ady Endre*',
    1,
    '2026-04-13 13:10:22',
    '2026-04-13 13:10:22',
    NULL
  ),
  (
    294,
    74,
    'Petőfi Sándor',
    0,
    '2026-04-13 13:10:22',
    '2026-04-13 13:10:22',
    NULL
  ),
  (
    295,
    74,
    'Arany János',
    0,
    '2026-04-13 13:10:22',
    '2026-04-13 13:10:22',
    NULL
  ),
  (
    296,
    74,
    'Vörösmarty Mihály',
    0,
    '2026-04-13 13:10:22',
    '2026-04-13 13:10:22',
    NULL
  ),
  (
    297,
    75,
    'Új versek*',
    1,
    '2026-04-13 13:10:22',
    '2026-04-13 13:10:22',
    NULL
  ),
  (
    298,
    75,
    'Vér és arany',
    0,
    '2026-04-13 13:10:22',
    '2026-04-13 13:10:22',
    NULL
  ),
  (
    299,
    75,
    'Az Illés szekerén',
    0,
    '2026-04-13 13:10:22',
    '2026-04-13 13:10:22',
    NULL
  ),
  (
    300,
    75,
    'A Halál rokona',
    0,
    '2026-04-13 13:10:22',
    '2026-04-13 13:10:22',
    NULL
  ),
  (
    301,
    76,
    'Nyugatos modernizmus*',
    1,
    '2026-04-13 13:10:22',
    '2026-04-13 13:10:22',
    NULL
  ),
  (
    302,
    76,
    'Romantika',
    0,
    '2026-04-13 13:10:22',
    '2026-04-13 13:10:22',
    NULL
  ),
  (
    303,
    76,
    'Realizmus',
    0,
    '2026-04-13 13:10:22',
    '2026-04-13 13:10:22',
    NULL
  ),
  (
    304,
    76,
    'Szürrealizmus',
    0,
    '2026-04-13 13:10:22',
    '2026-04-13 13:10:22',
    NULL
  ),
  (
    305,
    77,
    'Móricz Zsigmond*',
    1,
    '2026-04-13 13:10:22',
    '2026-04-13 13:10:22',
    NULL
  ),
  (
    306,
    77,
    'Babits Mihály',
    0,
    '2026-04-13 13:10:22',
    '2026-04-13 13:10:22',
    NULL
  ),
  (
    307,
    77,
    'Kosztolányi Dezső',
    0,
    '2026-04-13 13:10:22',
    '2026-04-13 13:10:22',
    NULL
  ),
  (
    308,
    77,
    'Gárdonyi Géza',
    0,
    '2026-04-13 13:10:22',
    '2026-04-13 13:10:22',
    NULL
  ),
  (
    309,
    78,
    'Édes Anna*',
    1,
    '2026-04-13 13:10:22',
    '2026-04-13 13:10:22',
    NULL
  ),
  (
    310,
    78,
    'Légy jó mindhalálig',
    0,
    '2026-04-13 13:10:22',
    '2026-04-13 13:10:22',
    NULL
  ),
  (
    311,
    78,
    'Az arany ember',
    0,
    '2026-04-13 13:10:22',
    '2026-04-13 13:10:22',
    NULL
  ),
  (
    312,
    78,
    'Pacsirta',
    0,
    '2026-04-13 13:10:22',
    '2026-04-13 13:10:22',
    NULL
  ),
  (
    313,
    79,
    'A város peremén*',
    1,
    '2026-04-13 13:10:22',
    '2026-04-13 13:10:22',
    NULL
  ),
  (
    314,
    79,
    'Ódák',
    0,
    '2026-04-13 13:10:22',
    '2026-04-13 13:10:22',
    NULL
  ),
  (
    315,
    79,
    'Születésnapomra',
    0,
    '2026-04-13 13:10:22',
    '2026-04-13 13:10:22',
    NULL
  ),
  (
    316,
    79,
    'Mama',
    0,
    '2026-04-13 13:10:22',
    '2026-04-13 13:10:22',
    NULL
  ),
  (
    317,
    80,
    '1905*',
    1,
    '2026-04-13 13:10:22',
    '2026-04-13 13:10:22',
    NULL
  ),
  (
    318,
    80,
    '1900',
    0,
    '2026-04-13 13:10:22',
    '2026-04-13 13:10:22',
    NULL
  ),
  (
    319,
    80,
    '1910',
    0,
    '2026-04-13 13:10:22',
    '2026-04-13 13:10:22',
    NULL
  ),
  (
    320,
    80,
    '1897',
    0,
    '2026-04-13 13:10:22',
    '2026-04-13 13:10:22',
    NULL
  ),
  (
    321,
    81,
    'Realista kisregény és novella*',
    1,
    '2026-04-13 13:10:22',
    '2026-04-13 13:10:22',
    NULL
  ),
  (
    322,
    81,
    'Romantikus eposz',
    0,
    '2026-04-13 13:10:22',
    '2026-04-13 13:10:22',
    NULL
  ),
  (
    323,
    81,
    'Szimbolista líra',
    0,
    '2026-04-13 13:10:22',
    '2026-04-13 13:10:22',
    NULL
  ),
  (
    324,
    81,
    'Naturalista dráma',
    0,
    '2026-04-13 13:10:22',
    '2026-04-13 13:10:22',
    NULL
  ),
  (
    325,
    82,
    'Jókai Mór*',
    1,
    '2026-04-13 13:10:22',
    '2026-04-13 13:10:22',
    NULL
  ),
  (
    326,
    82,
    'Mikszáth Kálmán',
    0,
    '2026-04-13 13:10:22',
    '2026-04-13 13:10:22',
    NULL
  ),
  (
    327,
    82,
    'Móricz Zsigmond',
    0,
    '2026-04-13 13:10:22',
    '2026-04-13 13:10:22',
    NULL
  ),
  (
    328,
    82,
    'Gárdonyi Géza',
    0,
    '2026-04-13 13:10:22',
    '2026-04-13 13:10:22',
    NULL
  ),
  (
    329,
    83,
    'Hamlet*',
    1,
    '2026-04-13 13:10:22',
    '2026-04-13 13:10:22',
    NULL
  ),
  (
    330,
    83,
    'Othello',
    0,
    '2026-04-13 13:10:22',
    '2026-04-13 13:10:22',
    NULL
  ),
  (
    331,
    83,
    'Macbeth',
    0,
    '2026-04-13 13:10:22',
    '2026-04-13 13:10:22',
    NULL
  ),
  (
    332,
    83,
    'Lear király',
    0,
    '2026-04-13 13:10:22',
    '2026-04-13 13:10:22',
    NULL
  ),
  (
    333,
    84,
    'Szophoklész*',
    1,
    '2026-04-13 13:10:22',
    '2026-04-13 13:10:22',
    NULL
  ),
  (
    334,
    84,
    'Aiszkhülosz',
    0,
    '2026-04-13 13:10:22',
    '2026-04-13 13:10:22',
    NULL
  ),
  (
    335,
    84,
    'Euripidész',
    0,
    '2026-04-13 13:10:22',
    '2026-04-13 13:10:22',
    NULL
  ),
  (
    336,
    84,
    'Arisztophanész',
    0,
    '2026-04-13 13:10:22',
    '2026-04-13 13:10:22',
    NULL
  ),
  (
    337,
    85,
    'Dante Alighieri*',
    1,
    '2026-04-13 13:10:22',
    '2026-04-13 13:10:22',
    NULL
  ),
  (
    338,
    85,
    'Petrarca',
    0,
    '2026-04-13 13:10:22',
    '2026-04-13 13:10:22',
    NULL
  ),
  (
    339,
    85,
    'Boccaccio',
    0,
    '2026-04-13 13:10:22',
    '2026-04-13 13:10:22',
    NULL
  ),
  (
    340,
    85,
    'Homérosz',
    0,
    '2026-04-13 13:10:22',
    '2026-04-13 13:10:22',
    NULL
  ),
  (
    341,
    86,
    '14–16. század*',
    1,
    '2026-04-13 13:10:22',
    '2026-04-13 13:10:22',
    NULL
  ),
  (
    342,
    86,
    '11–13. század',
    0,
    '2026-04-13 13:10:22',
    '2026-04-13 13:10:22',
    NULL
  ),
  (
    343,
    86,
    '17–18. század',
    0,
    '2026-04-13 13:10:22',
    '2026-04-13 13:10:22',
    NULL
  ),
  (
    344,
    86,
    '19. század',
    0,
    '2026-04-13 13:10:22',
    '2026-04-13 13:10:22',
    NULL
  ),
  (
    345,
    87,
    'Balassi-strófa (9 soros, aabbccbbc rímű)*',
    1,
    '2026-04-13 13:10:22',
    '2026-04-13 13:10:22',
    NULL
  ),
  (
    346,
    87,
    'Szonett',
    0,
    '2026-04-13 13:10:22',
    '2026-04-13 13:10:22',
    NULL
  ),
  (
    347,
    87,
    'Hexameter',
    0,
    '2026-04-13 13:10:22',
    '2026-04-13 13:10:22',
    NULL
  ),
  (
    348,
    87,
    'Alexandrin',
    0,
    '2026-04-13 13:10:22',
    '2026-04-13 13:10:22',
    NULL
  ),
  (
    349,
    88,
    'Díszítettség, túlzás, vallásos és hazafias témák*',
    1,
    '2026-04-13 13:10:22',
    '2026-04-13 13:10:22',
    NULL
  ),
  (
    350,
    88,
    'Egyszerűség, természetközeliség',
    0,
    '2026-04-13 13:10:22',
    '2026-04-13 13:10:22',
    NULL
  ),
  (
    351,
    88,
    'Társadalomkritika és realizmus',
    0,
    '2026-04-13 13:10:22',
    '2026-04-13 13:10:22',
    NULL
  ),
  (
    352,
    88,
    'Szimbolizmus és impresszionizmus',
    0,
    '2026-04-13 13:10:22',
    '2026-04-13 13:10:22',
    NULL
  ),
  (
    353,
    89,
    'Tajtékos ég*',
    1,
    '2026-04-13 13:10:22',
    '2026-04-13 13:10:22',
    NULL
  ),
  (
    354,
    89,
    'Újhold',
    0,
    '2026-04-13 13:10:22',
    '2026-04-13 13:10:22',
    NULL
  ),
  (
    355,
    89,
    'Pogány köszöntő',
    0,
    '2026-04-13 13:10:22',
    '2026-04-13 13:10:22',
    NULL
  ),
  (
    356,
    89,
    'Járkálj csak, halálraítélt',
    0,
    '2026-04-13 13:10:23',
    '2026-04-13 13:10:23',
    NULL
  ),
  (
    357,
    90,
    'Egy mondat a zsarnokságról*',
    1,
    '2026-04-13 13:10:23',
    '2026-04-13 13:10:23',
    NULL
  ),
  (
    358,
    90,
    'Puszták népe',
    0,
    '2026-04-13 13:10:23',
    '2026-04-13 13:10:23',
    NULL
  ),
  (
    359,
    90,
    'Bartók',
    0,
    '2026-04-13 13:10:23',
    '2026-04-13 13:10:23',
    NULL
  ),
  (
    360,
    90,
    'Koszorú',
    0,
    '2026-04-13 13:10:23',
    '2026-04-13 13:10:23',
    NULL
  ),
  (
    361,
    91,
    'Fekete István*',
    1,
    '2026-04-13 13:10:23',
    '2026-04-13 13:10:23',
    NULL
  ),
  (
    362,
    91,
    'Gárdonyi Géza',
    0,
    '2026-04-13 13:10:23',
    '2026-04-13 13:10:23',
    NULL
  ),
  (
    363,
    91,
    'Molnár Ferenc',
    0,
    '2026-04-13 13:10:23',
    '2026-04-13 13:10:23',
    NULL
  ),
  (
    364,
    91,
    'Tersánszky Józsi Jenő',
    0,
    '2026-04-13 13:10:23',
    '2026-04-13 13:10:23',
    NULL
  ),
  (
    365,
    92,
    'Legalább egy állítmányból álló, lezárt közlésegység*',
    1,
    '2026-04-13 13:10:23',
    '2026-04-13 13:10:23',
    NULL
  ),
  (
    366,
    92,
    'Két vagy több szóból álló szerkezet',
    0,
    '2026-04-13 13:10:23',
    '2026-04-13 13:10:23',
    NULL
  ),
  (
    367,
    92,
    'Csak főnévből és igéből álló egység',
    0,
    '2026-04-13 13:10:23',
    '2026-04-13 13:10:23',
    NULL
  ),
  (
    368,
    92,
    'Bekezdésnyi szövegrész',
    0,
    '2026-04-13 13:10:23',
    '2026-04-13 13:10:23',
    NULL
  ),
  (
    369,
    93,
    'Az állítmány*',
    1,
    '2026-04-13 13:10:23',
    '2026-04-13 13:10:23',
    NULL
  ),
  (
    370,
    93,
    'Az alany',
    0,
    '2026-04-13 13:10:23',
    '2026-04-13 13:10:23',
    NULL
  ),
  (
    371,
    93,
    'A tárgy',
    0,
    '2026-04-13 13:10:23',
    '2026-04-13 13:10:23',
    NULL
  ),
  (
    372,
    93,
    'A jelző',
    0,
    '2026-04-13 13:10:23',
    '2026-04-13 13:10:23',
    NULL
  ),
  (
    373,
    94,
    'Főnév*',
    1,
    '2026-04-13 13:10:23',
    '2026-04-13 13:10:23',
    NULL
  ),
  (
    374,
    94,
    'Ige',
    0,
    '2026-04-13 13:10:23',
    '2026-04-13 13:10:23',
    NULL
  ),
  (
    375,
    94,
    'Melléknév',
    0,
    '2026-04-13 13:10:23',
    '2026-04-13 13:10:23',
    NULL
  ),
  (
    376,
    94,
    'Határozószó',
    0,
    '2026-04-13 13:10:23',
    '2026-04-13 13:10:23',
    NULL
  ),
  (
    377,
    95,
    'piros alma*',
    1,
    '2026-04-13 13:10:23',
    '2026-04-13 13:10:23',
    NULL
  ),
  (
    378,
    95,
    'Péter könyve',
    0,
    '2026-04-13 13:10:23',
    '2026-04-13 13:10:23',
    NULL
  ),
  (
    379,
    95,
    'három ház',
    0,
    '2026-04-13 13:10:23',
    '2026-04-13 13:10:23',
    NULL
  ),
  (
    380,
    95,
    'a ház teteje',
    0,
    '2026-04-13 13:10:23',
    '2026-04-13 13:10:23',
    NULL
  ),
  (
    381,
    96,
    'Tudtam, hogy eljön.*',
    1,
    '2026-04-13 13:10:23',
    '2026-04-13 13:10:23',
    NULL
  ),
  (
    382,
    96,
    'A piros alma az asztalon van.',
    0,
    '2026-04-13 13:10:23',
    '2026-04-13 13:10:23',
    NULL
  ),
  (
    383,
    96,
    'Péter fut.',
    0,
    '2026-04-13 13:10:23',
    '2026-04-13 13:10:23',
    NULL
  ),
  (
    384,
    96,
    'Gyorsan és ügyesen dolgozott.',
    0,
    '2026-04-13 13:10:23',
    '2026-04-13 13:10:23',
    NULL
  ),
  (
    385,
    97,
    'Mellérendelőben egyenrangú tagmondatok vannak, alárendelőben főmondat és mellékmondat*',
    1,
    '2026-04-13 13:10:23',
    '2026-04-13 13:10:23',
    NULL
  ),
  (
    386,
    97,
    'Mellérendelőben kötőszó nincs, alárendelőben mindig van',
    0,
    '2026-04-13 13:10:23',
    '2026-04-13 13:10:23',
    NULL
  ),
  (
    387,
    97,
    'Mellérendelőben több tagmondat van, alárendelőben mindig csak kettő',
    0,
    '2026-04-13 13:10:23',
    '2026-04-13 13:10:23',
    NULL
  ),
  (
    388,
    97,
    'Nincs köztük nyelvtani különbség',
    0,
    '2026-04-13 13:10:23',
    '2026-04-13 13:10:23',
    NULL
  ),
  (
    389,
    98,
    'futás*',
    1,
    '2026-04-13 13:10:23',
    '2026-04-13 13:10:23',
    NULL
  ),
  (
    390,
    98,
    'házban',
    0,
    '2026-04-13 13:10:23',
    '2026-04-13 13:10:23',
    NULL
  ),
  (
    391,
    98,
    'könyvek',
    0,
    '2026-04-13 13:10:23',
    '2026-04-13 13:10:23',
    NULL
  ),
  (
    392,
    98,
    'almát',
    0,
    '2026-04-13 13:10:23',
    '2026-04-13 13:10:23',
    NULL
  ),
  (
    393,
    99,
    'Módosítja az ige jelentését és aspektusát*',
    1,
    '2026-04-13 13:10:23',
    '2026-04-13 13:10:23',
    NULL
  ),
  (
    394,
    99,
    'Az ige idejét jelöli',
    0,
    '2026-04-13 13:10:23',
    '2026-04-13 13:10:23',
    NULL
  ),
  (
    395,
    99,
    'Az ige módját fejezi ki',
    0,
    '2026-04-13 13:10:23',
    '2026-04-13 13:10:23',
    NULL
  ),
  (
    396,
    99,
    'A személyt és számot jelöli',
    0,
    '2026-04-13 13:10:23',
    '2026-04-13 13:10:23',
    NULL
  ),
  (
    397,
    100,
    'Látok egy madarat.*',
    1,
    '2026-04-13 13:10:23',
    '2026-04-13 13:10:23',
    NULL
  ),
  (
    398,
    100,
    'Látom a madarat.',
    0,
    '2026-04-13 13:10:23',
    '2026-04-13 13:10:23',
    NULL
  ),
  (
    399,
    100,
    'Látom azt.',
    0,
    '2026-04-13 13:10:23',
    '2026-04-13 13:10:23',
    NULL
  ),
  (
    400,
    100,
    'Nézem a filmet.',
    0,
    '2026-04-13 13:10:23',
    '2026-04-13 13:10:23',
    NULL
  ),
  (
    401,
    101,
    'Egyik sem – a rag és a jel külön morfémák*',
    1,
    '2026-04-13 13:10:23',
    '2026-04-13 13:10:23',
    NULL
  ),
  (
    402,
    101,
    'házban',
    0,
    '2026-04-13 13:10:23',
    '2026-04-13 13:10:23',
    NULL
  ),
  (
    403,
    101,
    'futottam',
    0,
    '2026-04-13 13:10:23',
    '2026-04-13 13:10:23',
    NULL
  ),
  (
    404,
    101,
    'szépebb',
    0,
    '2026-04-13 13:10:23',
    '2026-04-13 13:10:23',
    NULL
  ),
  (
    405,
    102,
    'A szöveg részeinek összefüggése, egységessége*',
    1,
    '2026-04-13 13:10:23',
    '2026-04-13 13:10:23',
    NULL
  ),
  (
    406,
    102,
    'A mondatok hosszúsága',
    0,
    '2026-04-13 13:10:23',
    '2026-04-13 13:10:23',
    NULL
  ),
  (
    407,
    102,
    'A bekezdések száma',
    0,
    '2026-04-13 13:10:23',
    '2026-04-13 13:10:23',
    NULL
  ),
  (
    408,
    102,
    'A szöveg stilisztikai értéke',
    0,
    '2026-04-13 13:10:23',
    '2026-04-13 13:10:23',
    NULL
  ),
  (
    409,
    103,
    'Tudományos stílus*',
    1,
    '2026-04-13 13:10:23',
    '2026-04-13 13:10:23',
    NULL
  ),
  (
    410,
    103,
    'Szépirodalmi stílus',
    0,
    '2026-04-13 13:10:23',
    '2026-04-13 13:10:23',
    NULL
  ),
  (
    411,
    103,
    'Publicisztikai stílus',
    0,
    '2026-04-13 13:10:23',
    '2026-04-13 13:10:23',
    NULL
  ),
  (
    412,
    103,
    'Társalgási stílus',
    0,
    '2026-04-13 13:10:23',
    '2026-04-13 13:10:23',
    NULL
  ),
  (
    413,
    104,
    'Névátvitel hasonlóságon alapuló képes kifejezés*',
    1,
    '2026-04-13 13:10:23',
    '2026-04-13 13:10:23',
    NULL
  ),
  (
    414,
    104,
    'Hangutánzó szó',
    0,
    '2026-04-13 13:10:23',
    '2026-04-13 13:10:23',
    NULL
  ),
  (
    415,
    104,
    'Ellentétes értelmű szavak párosítása',
    0,
    '2026-04-13 13:10:23',
    '2026-04-13 13:10:23',
    NULL
  ),
  (
    416,
    104,
    'Egy szó ismétlése nyomaték céljából',
    0,
    '2026-04-13 13:10:23',
    '2026-04-13 13:10:23',
    NULL
  ),
  (
    417,
    105,
    'A szél sír.*',
    1,
    '2026-04-13 13:10:23',
    '2026-04-13 13:10:23',
    NULL
  ),
  (
    418,
    105,
    'Fehér a hó.',
    0,
    '2026-04-13 13:10:23',
    '2026-04-13 13:10:23',
    NULL
  ),
  (
    419,
    105,
    'Gyors, mint a villám.',
    0,
    '2026-04-13 13:10:23',
    '2026-04-13 13:10:23',
    NULL
  ),
  (
    420,
    105,
    'Kék az ég.',
    0,
    '2026-04-13 13:10:23',
    '2026-04-13 13:10:23',
    NULL
  ),
  (
    421,
    106,
    'Két dolog közötti hasonlóság kifejezett összehasonlítása (mint, olyan… mint)*',
    1,
    '2026-04-13 13:10:23',
    '2026-04-13 13:10:23',
    NULL
  ),
  (
    422,
    106,
    'Egy szó ellentétének használata',
    0,
    '2026-04-13 13:10:23',
    '2026-04-13 13:10:23',
    NULL
  ),
  (
    423,
    106,
    'Elvont fogalom megszemélyesítése',
    0,
    '2026-04-13 13:10:23',
    '2026-04-13 13:10:23',
    NULL
  ),
  (
    424,
    106,
    'Hangok utánzása szavakkal',
    0,
    '2026-04-13 13:10:23',
    '2026-04-13 13:10:23',
    NULL
  ),
  (
    425,
    107,
    'Egymás melletti szavak azonos kezdőhangja*',
    1,
    '2026-04-13 13:10:23',
    '2026-04-13 13:10:23',
    NULL
  ),
  (
    426,
    107,
    'Sorvégi rím',
    0,
    '2026-04-13 13:10:23',
    '2026-04-13 13:10:23',
    NULL
  ),
  (
    427,
    107,
    'Szóismétlés',
    0,
    '2026-04-13 13:10:23',
    '2026-04-13 13:10:23',
    NULL
  ),
  (
    428,
    107,
    'Szótagok megismétlése',
    0,
    '2026-04-13 13:10:23',
    '2026-04-13 13:10:23',
    NULL
  ),
  (
    429,
    108,
    'Ige*',
    1,
    '2026-04-13 13:10:23',
    '2026-04-13 13:10:23',
    NULL
  ),
  (
    430,
    108,
    'Főnév',
    0,
    '2026-04-13 13:10:23',
    '2026-04-13 13:10:23',
    NULL
  ),
  (
    431,
    108,
    'Melléknév',
    0,
    '2026-04-13 13:10:23',
    '2026-04-13 13:10:23',
    NULL
  ),
  (
    432,
    108,
    'Névmás',
    0,
    '2026-04-13 13:10:23',
    '2026-04-13 13:10:23',
    NULL
  ),
  (
    433,
    109,
    'A főnév határozott vagy határozatlan voltát jelöli*',
    1,
    '2026-04-13 13:10:23',
    '2026-04-13 13:10:23',
    NULL
  ),
  (
    434,
    109,
    'A melléknév fokát mutatja',
    0,
    '2026-04-13 13:10:23',
    '2026-04-13 13:10:23',
    NULL
  ),
  (
    435,
    109,
    'Az ige idejét jelöli',
    0,
    '2026-04-13 13:10:23',
    '2026-04-13 13:10:23',
    NULL
  ),
  (
    436,
    109,
    'A mondat alanyát emeli ki',
    0,
    '2026-04-13 13:10:23',
    '2026-04-13 13:10:23',
    NULL
  ),
  (
    437,
    110,
    'Énekelve ment haza.*',
    1,
    '2026-04-13 13:10:23',
    '2026-04-13 13:10:23',
    NULL
  ),
  (
    438,
    110,
    'Az éneklő lány szép.',
    0,
    '2026-04-13 13:10:23',
    '2026-04-13 13:10:23',
    NULL
  ),
  (
    439,
    110,
    'Az éneklés öröm.',
    0,
    '2026-04-13 13:10:23',
    '2026-04-13 13:10:23',
    NULL
  ),
  (
    440,
    110,
    'Szeret énekelni.',
    0,
    '2026-04-13 13:10:23',
    '2026-04-13 13:10:23',
    NULL
  ),
  (
    441,
    111,
    'Kiejtés elve*',
    1,
    '2026-04-13 13:10:23',
    '2026-04-13 13:10:23',
    NULL
  ),
  (
    442,
    111,
    'Szóelemzés elve',
    0,
    '2026-04-13 13:10:23',
    '2026-04-13 13:10:23',
    NULL
  ),
  (
    443,
    111,
    'Hagyomány elve',
    0,
    '2026-04-13 13:10:23',
    '2026-04-13 13:10:23',
    NULL
  ),
  (
    444,
    111,
    'Egyszerűsítés elve',
    0,
    '2026-04-13 13:10:23',
    '2026-04-13 13:10:23',
    NULL
  ),
  (
    445,
    112,
    'Kiejtés elve*',
    1,
    '2026-04-13 13:10:23',
    '2026-04-13 13:10:23',
    NULL
  ),
  (
    446,
    112,
    'Szóelemzés elve',
    0,
    '2026-04-13 13:10:23',
    '2026-04-13 13:10:23',
    NULL
  ),
  (
    447,
    112,
    'Hagyomány elve',
    0,
    '2026-04-13 13:10:23',
    '2026-04-13 13:10:23',
    NULL
  ),
  (
    448,
    112,
    'Egyszerűsítés elve',
    0,
    '2026-04-13 13:10:23',
    '2026-04-13 13:10:23',
    NULL
  ),
  (
    449,
    113,
    'Két vagy több szó grammatikai kapcsolata*',
    1,
    '2026-04-13 13:10:23',
    '2026-04-13 13:10:23',
    NULL
  ),
  (
    450,
    113,
    'Egy mondat legkisebb egysége',
    0,
    '2026-04-13 13:10:23',
    '2026-04-13 13:10:23',
    NULL
  ),
  (
    451,
    113,
    'Szövegrészek közötti kapcsolat',
    0,
    '2026-04-13 13:10:23',
    '2026-04-13 13:10:23',
    NULL
  ),
  (
    452,
    113,
    'Azonos szófajú szavak csoportja',
    0,
    '2026-04-13 13:10:23',
    '2026-04-13 13:10:23',
    NULL
  ),
  (
    453,
    114,
    'Csak alanyból és állítmányból álló mondatot*',
    1,
    '2026-04-13 13:10:23',
    '2026-04-13 13:10:23',
    NULL
  ),
  (
    454,
    114,
    'Egyetlen szóból álló mondatot',
    0,
    '2026-04-13 13:10:23',
    '2026-04-13 13:10:23',
    NULL
  ),
  (
    455,
    114,
    'Felszólító módú mondatot',
    0,
    '2026-04-13 13:10:23',
    '2026-04-13 13:10:23',
    NULL
  ),
  (
    456,
    114,
    'Hiányos mondatot',
    0,
    '2026-04-13 13:10:23',
    '2026-04-13 13:10:23',
    NULL
  ),
  (
    457,
    115,
    'Szépítő kifejezés, kellemetlen dolgok enyhébb megnevezése*',
    1,
    '2026-04-13 13:10:23',
    '2026-04-13 13:10:23',
    NULL
  ),
  (
    458,
    115,
    'Túlzó kifejezésmód',
    0,
    '2026-04-13 13:10:23',
    '2026-04-13 13:10:23',
    NULL
  ),
  (
    459,
    115,
    'Ellentétes értelmű szavak egyidejű használata',
    0,
    '2026-04-13 13:10:23',
    '2026-04-13 13:10:23',
    NULL
  ),
  (
    460,
    115,
    'Idegen szavak magyarítása',
    0,
    '2026-04-13 13:10:23',
    '2026-04-13 13:10:23',
    NULL
  ),
  (
    461,
    116,
    'Menj, menj, menj el innen!*',
    1,
    '2026-04-13 13:10:23',
    '2026-04-13 13:10:23',
    NULL
  ),
  (
    462,
    116,
    'Sír a szél.',
    0,
    '2026-04-13 13:10:23',
    '2026-04-13 13:10:23',
    NULL
  ),
  (
    463,
    116,
    'Fehér fehérség.',
    0,
    '2026-04-13 13:10:23',
    '2026-04-13 13:10:23',
    NULL
  ),
  (
    464,
    116,
    'Nagy a ház.',
    0,
    '2026-04-13 13:10:23',
    '2026-04-13 13:10:23',
    NULL
  ),
  (
    465,
    117,
    'Tudtam, hogy eljön.*',
    1,
    '2026-04-13 13:10:23',
    '2026-04-13 13:10:23',
    NULL
  ),
  (
    466,
    117,
    'Tudtam hogy eljön.',
    0,
    '2026-04-13 13:10:24',
    '2026-04-13 13:10:24',
    NULL
  ),
  (
    467,
    117,
    'Tudtam, hogy, eljön.',
    0,
    '2026-04-13 13:10:24',
    '2026-04-13 13:10:24',
    NULL
  ),
  (
    468,
    117,
    'Tudtam hogy, eljön.',
    0,
    '2026-04-13 13:10:24',
    '2026-04-13 13:10:24',
    NULL
  ),
  (
    469,
    118,
    'A szó alapvető, szótári jelentése*',
    1,
    '2026-04-13 13:10:24',
    '2026-04-13 13:10:24',
    NULL
  ),
  (
    470,
    118,
    'A szó hangulati mellékjelentése',
    0,
    '2026-04-13 13:10:24',
    '2026-04-13 13:10:24',
    NULL
  ),
  (
    471,
    118,
    'A szó eredete',
    0,
    '2026-04-13 13:10:24',
    '2026-04-13 13:10:24',
    NULL
  ),
  (
    472,
    118,
    'A szó ellentéte',
    0,
    '2026-04-13 13:10:24',
    '2026-04-13 13:10:24',
    NULL
  ),
  (
    473,
    119,
    'A szóhoz társuló hangulati, érzelmi mellékjelentés*',
    1,
    '2026-04-13 13:10:24',
    '2026-04-13 13:10:24',
    NULL
  ),
  (
    474,
    119,
    'A szó pontos szótári definíciója',
    0,
    '2026-04-13 13:10:24',
    '2026-04-13 13:10:24',
    NULL
  ),
  (
    475,
    119,
    'A szó nyelvtani neme',
    0,
    '2026-04-13 13:10:24',
    '2026-04-13 13:10:24',
    NULL
  ),
  (
    476,
    119,
    'A szó kiejtési szabálya',
    0,
    '2026-04-13 13:10:24',
    '2026-04-13 13:10:24',
    NULL
  ),
  (
    477,
    120,
    'Határozószó*',
    1,
    '2026-04-13 13:10:24',
    '2026-04-13 13:10:24',
    NULL
  ),
  (
    478,
    120,
    'Melléknév',
    0,
    '2026-04-13 13:10:24',
    '2026-04-13 13:10:24',
    NULL
  ),
  (
    479,
    120,
    'Ige',
    0,
    '2026-04-13 13:10:24',
    '2026-04-13 13:10:24',
    NULL
  ),
  (
    480,
    120,
    'Névutó',
    0,
    '2026-04-13 13:10:24',
    '2026-04-13 13:10:24',
    NULL
  ),
  (
    481,
    121,
    'Az a fontos, hogy eljöjj.*',
    1,
    '2026-04-13 13:10:24',
    '2026-04-13 13:10:24',
    NULL
  ),
  (
    482,
    121,
    'Azt mondta, hogy eljön.',
    0,
    '2026-04-13 13:10:24',
    '2026-04-13 13:10:24',
    NULL
  ),
  (
    483,
    121,
    'Ott voltam, ahol te is.',
    0,
    '2026-04-13 13:10:24',
    '2026-04-13 13:10:24',
    NULL
  ),
  (
    484,
    121,
    'Azért jöttem, hogy segítsek.',
    0,
    '2026-04-13 13:10:24',
    '2026-04-13 13:10:24',
    NULL
  );

/*!40000 ALTER TABLE `answers` ENABLE KEYS */;

UNLOCK TABLES;

--
-- Table structure for table `badge_user`
--
DROP TABLE IF EXISTS `badge_user`;

/*!40101 SET @saved_cs_client     = @@character_set_client */;

/*!50503 SET character_set_client = utf8mb4 */;

CREATE TABLE
  `badge_user` (
    `id` bigint unsigned NOT NULL AUTO_INCREMENT,
    `user_id` bigint unsigned NOT NULL,
    `badge_id` bigint unsigned NOT NULL,
    `created_at` timestamp NULL DEFAULT NULL,
    `updated_at` timestamp NULL DEFAULT NULL,
    PRIMARY KEY (`id`),
    KEY `badge_user_user_id_foreign` (`user_id`),
    KEY `badge_user_badge_id_foreign` (`badge_id`),
    CONSTRAINT `badge_user_badge_id_foreign` FOREIGN KEY (`badge_id`) REFERENCES `badges` (`id`) ON DELETE CASCADE,
    CONSTRAINT `badge_user_user_id_foreign` FOREIGN KEY (`user_id`) REFERENCES `users` (`id`) ON DELETE CASCADE
  ) ENGINE = InnoDB AUTO_INCREMENT = 10 DEFAULT CHARSET = utf8mb4 COLLATE = utf8mb4_unicode_ci;

/*!40101 SET character_set_client = @saved_cs_client */;

--
-- Dumping data for table `badge_user`
--
LOCK TABLES `badge_user` WRITE;

/*!40000 ALTER TABLE `badge_user` DISABLE KEYS */;

INSERT INTO
  `badge_user`
VALUES
  (
    1,
    1,
    1,
    '2026-04-13 13:10:25',
    '2026-04-13 13:10:25'
  ),
  (
    2,
    1,
    2,
    '2026-04-13 13:10:25',
    '2026-04-13 13:10:25'
  ),
  (
    3,
    1,
    4,
    '2026-04-13 13:10:25',
    '2026-04-13 13:10:25'
  ),
  (
    4,
    2,
    1,
    '2026-04-13 13:10:25',
    '2026-04-13 13:10:25'
  ),
  (
    5,
    3,
    1,
    '2026-04-13 13:10:25',
    '2026-04-13 13:10:25'
  ),
  (
    6,
    3,
    2,
    '2026-04-13 13:10:25',
    '2026-04-13 13:10:25'
  ),
  (
    7,
    3,
    3,
    '2026-04-13 13:10:25',
    '2026-04-13 13:10:25'
  ),
  (
    8,
    3,
    4,
    '2026-04-13 13:10:25',
    '2026-04-13 13:10:25'
  ),
  (
    9,
    3,
    5,
    '2026-04-13 13:10:25',
    '2026-04-13 13:10:25'
  );

/*!40000 ALTER TABLE `badge_user` ENABLE KEYS */;

UNLOCK TABLES;

--
-- Table structure for table `badges`
--
DROP TABLE IF EXISTS `badges`;

/*!40101 SET @saved_cs_client     = @@character_set_client */;

/*!50503 SET character_set_client = utf8mb4 */;

CREATE TABLE
  `badges` (
    `id` bigint unsigned NOT NULL AUTO_INCREMENT,
    `name` varchar(255) COLLATE utf8mb4_unicode_ci NOT NULL,
    `description` varchar(255) COLLATE utf8mb4_unicode_ci NOT NULL,
    `created_at` timestamp NULL DEFAULT NULL,
    `updated_at` timestamp NULL DEFAULT NULL,
    PRIMARY KEY (`id`),
    UNIQUE KEY `badges_name_unique` (`name`)
  ) ENGINE = InnoDB AUTO_INCREMENT = 6 DEFAULT CHARSET = utf8mb4 COLLATE = utf8mb4_unicode_ci;

/*!40101 SET character_set_client = @saved_cs_client */;

--
-- Dumping data for table `badges`
--
LOCK TABLES `badges` WRITE;

/*!40000 ALTER TABLE `badges` DISABLE KEYS */;

INSERT INTO
  `badges`
VALUES
  (
    1,
    'Első győzelem',
    'Első nyert meccs',
    '2026-04-13 13:10:25',
    '2026-04-13 13:10:25'
  ),
  (
    2,
    'Quiz mester',
    '10 helyes válasz sorozatban',
    '2026-04-13 13:10:25',
    '2026-04-13 13:10:25'
  ),
  (
    3,
    'Bronz ligás',
    'Bronz rang elérése',
    '2026-04-13 13:10:25',
    '2026-04-13 13:10:25'
  ),
  (
    4,
    'Gyakorló',
    '50 gyakorló kérdés',
    '2026-04-13 13:10:25',
    '2026-04-13 13:10:25'
  ),
  (
    5,
    'Versengő',
    '10 PvP meccs',
    '2026-04-13 13:10:25',
    '2026-04-13 13:10:25'
  );

/*!40000 ALTER TABLE `badges` ENABLE KEYS */;

UNLOCK TABLES;

--
-- Table structure for table `bans`
--
DROP TABLE IF EXISTS `bans`;

/*!40101 SET @saved_cs_client     = @@character_set_client */;

/*!50503 SET character_set_client = utf8mb4 */;

CREATE TABLE
  `bans` (
    `id` bigint unsigned NOT NULL AUTO_INCREMENT,
    `user_id` bigint unsigned NOT NULL,
    `release_date` datetime NOT NULL,
    `reason` varchar(255) COLLATE utf8mb4_unicode_ci NOT NULL,
    `created_at` timestamp NULL DEFAULT NULL,
    `updated_at` timestamp NULL DEFAULT NULL,
    `deleted_at` timestamp NULL DEFAULT NULL,
    PRIMARY KEY (`id`),
    KEY `bans_user_id_foreign` (`user_id`),
    CONSTRAINT `bans_user_id_foreign` FOREIGN KEY (`user_id`) REFERENCES `users` (`id`)
  ) ENGINE = InnoDB DEFAULT CHARSET = utf8mb4 COLLATE = utf8mb4_unicode_ci;

/*!40101 SET character_set_client = @saved_cs_client */;

--
-- Dumping data for table `bans`
--
LOCK TABLES `bans` WRITE;

/*!40000 ALTER TABLE `bans` DISABLE KEYS */;

/*!40000 ALTER TABLE `bans` ENABLE KEYS */;

UNLOCK TABLES;

--
-- Table structure for table `cache`
--
DROP TABLE IF EXISTS `cache`;

/*!40101 SET @saved_cs_client     = @@character_set_client */;

/*!50503 SET character_set_client = utf8mb4 */;

CREATE TABLE
  `cache` (
    `key` varchar(255) COLLATE utf8mb4_unicode_ci NOT NULL,
    `value` mediumtext COLLATE utf8mb4_unicode_ci NOT NULL,
    `expiration` int NOT NULL,
    PRIMARY KEY (`key`)
  ) ENGINE = InnoDB DEFAULT CHARSET = utf8mb4 COLLATE = utf8mb4_unicode_ci;

/*!40101 SET character_set_client = @saved_cs_client */;

--
-- Dumping data for table `cache`
--
LOCK TABLES `cache` WRITE;

/*!40000 ALTER TABLE `cache` DISABLE KEYS */;

/*!40000 ALTER TABLE `cache` ENABLE KEYS */;

UNLOCK TABLES;

--
-- Table structure for table `cache_locks`
--
DROP TABLE IF EXISTS `cache_locks`;

/*!40101 SET @saved_cs_client     = @@character_set_client */;

/*!50503 SET character_set_client = utf8mb4 */;

CREATE TABLE
  `cache_locks` (
    `key` varchar(255) COLLATE utf8mb4_unicode_ci NOT NULL,
    `owner` varchar(255) COLLATE utf8mb4_unicode_ci NOT NULL,
    `expiration` int NOT NULL,
    PRIMARY KEY (`key`)
  ) ENGINE = InnoDB DEFAULT CHARSET = utf8mb4 COLLATE = utf8mb4_unicode_ci;

/*!40101 SET character_set_client = @saved_cs_client */;

--
-- Dumping data for table `cache_locks`
--
LOCK TABLES `cache_locks` WRITE;

/*!40000 ALTER TABLE `cache_locks` DISABLE KEYS */;

/*!40000 ALTER TABLE `cache_locks` ENABLE KEYS */;

UNLOCK TABLES;

--
-- Table structure for table `failed_jobs`
--
DROP TABLE IF EXISTS `failed_jobs`;

/*!40101 SET @saved_cs_client     = @@character_set_client */;

/*!50503 SET character_set_client = utf8mb4 */;

CREATE TABLE
  `failed_jobs` (
    `id` bigint unsigned NOT NULL AUTO_INCREMENT,
    `uuid` varchar(255) COLLATE utf8mb4_unicode_ci NOT NULL,
    `connection` text COLLATE utf8mb4_unicode_ci NOT NULL,
    `queue` text COLLATE utf8mb4_unicode_ci NOT NULL,
    `payload` longtext COLLATE utf8mb4_unicode_ci NOT NULL,
    `exception` longtext COLLATE utf8mb4_unicode_ci NOT NULL,
    `failed_at` timestamp NOT NULL DEFAULT CURRENT_TIMESTAMP,
    PRIMARY KEY (`id`),
    UNIQUE KEY `failed_jobs_uuid_unique` (`uuid`)
  ) ENGINE = InnoDB DEFAULT CHARSET = utf8mb4 COLLATE = utf8mb4_unicode_ci;

/*!40101 SET character_set_client = @saved_cs_client */;

--
-- Dumping data for table `failed_jobs`
--
LOCK TABLES `failed_jobs` WRITE;

/*!40000 ALTER TABLE `failed_jobs` DISABLE KEYS */;

/*!40000 ALTER TABLE `failed_jobs` ENABLE KEYS */;

UNLOCK TABLES;

--
-- Table structure for table `game_matches`
--
DROP TABLE IF EXISTS `game_matches`;

/*!40101 SET @saved_cs_client     = @@character_set_client */;

/*!50503 SET character_set_client = utf8mb4 */;

CREATE TABLE
  `game_matches` (
    `id` bigint unsigned NOT NULL AUTO_INCREMENT,
    `user_id` bigint unsigned NOT NULL,
    `opponent_id` bigint unsigned NOT NULL,
    `elo_before` int NOT NULL,
    `xp_before` int NOT NULL,
    `elo_after` int DEFAULT NULL,
    `xp_after` int DEFAULT NULL,
    `expected_winrate` double DEFAULT NULL,
    `match_result` enum ('Win', 'Lose', 'Draw', 'Cancelled', 'Pending') COLLATE utf8mb4_unicode_ci NOT NULL DEFAULT 'Pending',
    `match_uuid` char(36) COLLATE utf8mb4_unicode_ci NOT NULL,
    `created_at` timestamp NULL DEFAULT NULL,
    `updated_at` timestamp NULL DEFAULT NULL,
    `deleted_at` timestamp NULL DEFAULT NULL,
    PRIMARY KEY (`id`),
    KEY `game_matches_user_id_foreign` (`user_id`),
    KEY `game_matches_opponent_id_foreign` (`opponent_id`),
    CONSTRAINT `game_matches_opponent_id_foreign` FOREIGN KEY (`opponent_id`) REFERENCES `users` (`id`),
    CONSTRAINT `game_matches_user_id_foreign` FOREIGN KEY (`user_id`) REFERENCES `users` (`id`)
  ) ENGINE = InnoDB AUTO_INCREMENT = 4 DEFAULT CHARSET = utf8mb4 COLLATE = utf8mb4_unicode_ci;

/*!40101 SET character_set_client = @saved_cs_client */;

--
-- Dumping data for table `game_matches`
--
LOCK TABLES `game_matches` WRITE;

/*!40000 ALTER TABLE `game_matches` DISABLE KEYS */;

INSERT INTO
  `game_matches`
VALUES
  (
    1,
    1,
    2,
    1100,
    400,
    1200,
    450,
    NULL,
    'Pending',
    '359f4691-472f-4e45-98c8-f999f50c7f4d',
    '2026-04-13 13:10:25',
    '2026-04-13 13:10:25',
    NULL
  ),
  (
    2,
    2,
    3,
    900,
    200,
    950,
    250,
    NULL,
    'Pending',
    '8f264542-b286-488e-b26d-41142a7f9103',
    '2026-04-13 13:10:25',
    '2026-04-13 13:10:25',
    NULL
  ),
  (
    3,
    1,
    3,
    1250,
    1100,
    1400,
    1200,
    NULL,
    'Pending',
    '615a8063-639c-4fd9-94b0-b14068c06fc1',
    '2026-04-13 13:10:25',
    '2026-04-13 13:10:25',
    NULL
  );

/*!40000 ALTER TABLE `game_matches` ENABLE KEYS */;

UNLOCK TABLES;

--
-- Table structure for table `job_batches`
--
DROP TABLE IF EXISTS `job_batches`;

/*!40101 SET @saved_cs_client     = @@character_set_client */;

/*!50503 SET character_set_client = utf8mb4 */;

CREATE TABLE
  `job_batches` (
    `id` varchar(255) COLLATE utf8mb4_unicode_ci NOT NULL,
    `name` varchar(255) COLLATE utf8mb4_unicode_ci NOT NULL,
    `total_jobs` int NOT NULL,
    `pending_jobs` int NOT NULL,
    `failed_jobs` int NOT NULL,
    `failed_job_ids` longtext COLLATE utf8mb4_unicode_ci NOT NULL,
    `options` mediumtext COLLATE utf8mb4_unicode_ci,
    `cancelled_at` int DEFAULT NULL,
    `created_at` int NOT NULL,
    `finished_at` int DEFAULT NULL,
    PRIMARY KEY (`id`)
  ) ENGINE = InnoDB DEFAULT CHARSET = utf8mb4 COLLATE = utf8mb4_unicode_ci;

/*!40101 SET character_set_client = @saved_cs_client */;

--
-- Dumping data for table `job_batches`
--
LOCK TABLES `job_batches` WRITE;

/*!40000 ALTER TABLE `job_batches` DISABLE KEYS */;

/*!40000 ALTER TABLE `job_batches` ENABLE KEYS */;

UNLOCK TABLES;

--
-- Table structure for table `jobs`
--
DROP TABLE IF EXISTS `jobs`;

/*!40101 SET @saved_cs_client     = @@character_set_client */;

/*!50503 SET character_set_client = utf8mb4 */;

CREATE TABLE
  `jobs` (
    `id` bigint unsigned NOT NULL AUTO_INCREMENT,
    `queue` varchar(255) COLLATE utf8mb4_unicode_ci NOT NULL,
    `payload` longtext COLLATE utf8mb4_unicode_ci NOT NULL,
    `attempts` tinyint unsigned NOT NULL,
    `reserved_at` int unsigned DEFAULT NULL,
    `available_at` int unsigned NOT NULL,
    `created_at` int unsigned NOT NULL,
    PRIMARY KEY (`id`),
    KEY `jobs_queue_index` (`queue`)
  ) ENGINE = InnoDB DEFAULT CHARSET = utf8mb4 COLLATE = utf8mb4_unicode_ci;

/*!40101 SET character_set_client = @saved_cs_client */;

--
-- Dumping data for table `jobs`
--
LOCK TABLES `jobs` WRITE;

/*!40000 ALTER TABLE `jobs` DISABLE KEYS */;

/*!40000 ALTER TABLE `jobs` ENABLE KEYS */;

UNLOCK TABLES;

--
-- Table structure for table `levels`
--
DROP TABLE IF EXISTS `levels`;

/*!40101 SET @saved_cs_client     = @@character_set_client */;

/*!50503 SET character_set_client = utf8mb4 */;

CREATE TABLE
  `levels` (
    `id` bigint unsigned NOT NULL AUTO_INCREMENT,
    `level` int NOT NULL,
    `min_xp` int NOT NULL,
    `created_at` timestamp NULL DEFAULT NULL,
    `updated_at` timestamp NULL DEFAULT NULL,
    PRIMARY KEY (`id`),
    UNIQUE KEY `levels_level_unique` (`level`),
    UNIQUE KEY `levels_min_xp_unique` (`min_xp`)
  ) ENGINE = InnoDB AUTO_INCREMENT = 101 DEFAULT CHARSET = utf8mb4 COLLATE = utf8mb4_unicode_ci;

/*!40101 SET character_set_client = @saved_cs_client */;

--
-- Dumping data for table `levels`
--
LOCK TABLES `levels` WRITE;

/*!40000 ALTER TABLE `levels` DISABLE KEYS */;

INSERT INTO
  `levels`
VALUES
  (
    1,
    1,
    -1,
    '2026-04-13 13:10:24',
    '2026-04-13 13:10:24'
  ),
  (
    2,
    2,
    20,
    '2026-04-13 13:10:24',
    '2026-04-13 13:10:24'
  ),
  (
    3,
    3,
    50,
    '2026-04-13 13:10:24',
    '2026-04-13 13:10:24'
  ),
  (
    4,
    4,
    80,
    '2026-04-13 13:10:24',
    '2026-04-13 13:10:24'
  ),
  (
    5,
    5,
    130,
    '2026-04-13 13:10:24',
    '2026-04-13 13:10:24'
  ),
  (
    6,
    6,
    180,
    '2026-04-13 13:10:24',
    '2026-04-13 13:10:24'
  ),
  (
    7,
    7,
    250,
    '2026-04-13 13:10:24',
    '2026-04-13 13:10:24'
  ),
  (
    8,
    8,
    320,
    '2026-04-13 13:10:24',
    '2026-04-13 13:10:24'
  ),
  (
    9,
    9,
    410,
    '2026-04-13 13:10:24',
    '2026-04-13 13:10:24'
  ),
  (
    10,
    10,
    500,
    '2026-04-13 13:10:24',
    '2026-04-13 13:10:24'
  ),
  (
    11,
    11,
    610,
    '2026-04-13 13:10:24',
    '2026-04-13 13:10:24'
  ),
  (
    12,
    12,
    720,
    '2026-04-13 13:10:24',
    '2026-04-13 13:10:24'
  ),
  (
    13,
    13,
    850,
    '2026-04-13 13:10:24',
    '2026-04-13 13:10:24'
  ),
  (
    14,
    14,
    980,
    '2026-04-13 13:10:24',
    '2026-04-13 13:10:24'
  ),
  (
    15,
    15,
    1130,
    '2026-04-13 13:10:24',
    '2026-04-13 13:10:24'
  ),
  (
    16,
    16,
    1280,
    '2026-04-13 13:10:24',
    '2026-04-13 13:10:24'
  ),
  (
    17,
    17,
    1450,
    '2026-04-13 13:10:24',
    '2026-04-13 13:10:24'
  ),
  (
    18,
    18,
    1620,
    '2026-04-13 13:10:24',
    '2026-04-13 13:10:24'
  ),
  (
    19,
    19,
    1810,
    '2026-04-13 13:10:24',
    '2026-04-13 13:10:24'
  ),
  (
    20,
    20,
    2000,
    '2026-04-13 13:10:24',
    '2026-04-13 13:10:24'
  ),
  (
    21,
    21,
    2210,
    '2026-04-13 13:10:24',
    '2026-04-13 13:10:24'
  ),
  (
    22,
    22,
    2420,
    '2026-04-13 13:10:24',
    '2026-04-13 13:10:24'
  ),
  (
    23,
    23,
    2650,
    '2026-04-13 13:10:24',
    '2026-04-13 13:10:24'
  ),
  (
    24,
    24,
    2880,
    '2026-04-13 13:10:24',
    '2026-04-13 13:10:24'
  ),
  (
    25,
    25,
    3130,
    '2026-04-13 13:10:24',
    '2026-04-13 13:10:24'
  ),
  (
    26,
    26,
    3380,
    '2026-04-13 13:10:24',
    '2026-04-13 13:10:24'
  ),
  (
    27,
    27,
    3650,
    '2026-04-13 13:10:24',
    '2026-04-13 13:10:24'
  ),
  (
    28,
    28,
    3920,
    '2026-04-13 13:10:24',
    '2026-04-13 13:10:24'
  ),
  (
    29,
    29,
    4210,
    '2026-04-13 13:10:24',
    '2026-04-13 13:10:24'
  ),
  (
    30,
    30,
    4500,
    '2026-04-13 13:10:24',
    '2026-04-13 13:10:24'
  ),
  (
    31,
    31,
    4810,
    '2026-04-13 13:10:24',
    '2026-04-13 13:10:24'
  ),
  (
    32,
    32,
    5120,
    '2026-04-13 13:10:24',
    '2026-04-13 13:10:24'
  ),
  (
    33,
    33,
    5450,
    '2026-04-13 13:10:24',
    '2026-04-13 13:10:24'
  ),
  (
    34,
    34,
    5780,
    '2026-04-13 13:10:24',
    '2026-04-13 13:10:24'
  ),
  (
    35,
    35,
    6130,
    '2026-04-13 13:10:24',
    '2026-04-13 13:10:24'
  ),
  (
    36,
    36,
    6480,
    '2026-04-13 13:10:24',
    '2026-04-13 13:10:24'
  ),
  (
    37,
    37,
    6850,
    '2026-04-13 13:10:24',
    '2026-04-13 13:10:24'
  ),
  (
    38,
    38,
    7220,
    '2026-04-13 13:10:24',
    '2026-04-13 13:10:24'
  ),
  (
    39,
    39,
    7610,
    '2026-04-13 13:10:24',
    '2026-04-13 13:10:24'
  ),
  (
    40,
    40,
    8000,
    '2026-04-13 13:10:24',
    '2026-04-13 13:10:24'
  ),
  (
    41,
    41,
    8410,
    '2026-04-13 13:10:24',
    '2026-04-13 13:10:24'
  ),
  (
    42,
    42,
    8820,
    '2026-04-13 13:10:24',
    '2026-04-13 13:10:24'
  ),
  (
    43,
    43,
    9250,
    '2026-04-13 13:10:24',
    '2026-04-13 13:10:24'
  ),
  (
    44,
    44,
    9680,
    '2026-04-13 13:10:24',
    '2026-04-13 13:10:24'
  ),
  (
    45,
    45,
    10130,
    '2026-04-13 13:10:24',
    '2026-04-13 13:10:24'
  ),
  (
    46,
    46,
    10580,
    '2026-04-13 13:10:24',
    '2026-04-13 13:10:24'
  ),
  (
    47,
    47,
    11050,
    '2026-04-13 13:10:24',
    '2026-04-13 13:10:24'
  ),
  (
    48,
    48,
    11520,
    '2026-04-13 13:10:24',
    '2026-04-13 13:10:24'
  ),
  (
    49,
    49,
    12010,
    '2026-04-13 13:10:24',
    '2026-04-13 13:10:24'
  ),
  (
    50,
    50,
    12500,
    '2026-04-13 13:10:24',
    '2026-04-13 13:10:24'
  ),
  (
    51,
    51,
    13010,
    '2026-04-13 13:10:24',
    '2026-04-13 13:10:24'
  ),
  (
    52,
    52,
    13520,
    '2026-04-13 13:10:24',
    '2026-04-13 13:10:24'
  ),
  (
    53,
    53,
    14050,
    '2026-04-13 13:10:24',
    '2026-04-13 13:10:24'
  ),
  (
    54,
    54,
    14580,
    '2026-04-13 13:10:24',
    '2026-04-13 13:10:24'
  ),
  (
    55,
    55,
    15130,
    '2026-04-13 13:10:24',
    '2026-04-13 13:10:24'
  ),
  (
    56,
    56,
    15680,
    '2026-04-13 13:10:24',
    '2026-04-13 13:10:24'
  ),
  (
    57,
    57,
    16250,
    '2026-04-13 13:10:24',
    '2026-04-13 13:10:24'
  ),
  (
    58,
    58,
    16820,
    '2026-04-13 13:10:24',
    '2026-04-13 13:10:24'
  ),
  (
    59,
    59,
    17410,
    '2026-04-13 13:10:24',
    '2026-04-13 13:10:24'
  ),
  (
    60,
    60,
    18000,
    '2026-04-13 13:10:24',
    '2026-04-13 13:10:24'
  ),
  (
    61,
    61,
    18610,
    '2026-04-13 13:10:24',
    '2026-04-13 13:10:24'
  ),
  (
    62,
    62,
    19220,
    '2026-04-13 13:10:24',
    '2026-04-13 13:10:24'
  ),
  (
    63,
    63,
    19850,
    '2026-04-13 13:10:24',
    '2026-04-13 13:10:24'
  ),
  (
    64,
    64,
    20480,
    '2026-04-13 13:10:24',
    '2026-04-13 13:10:24'
  ),
  (
    65,
    65,
    21130,
    '2026-04-13 13:10:24',
    '2026-04-13 13:10:24'
  ),
  (
    66,
    66,
    21780,
    '2026-04-13 13:10:24',
    '2026-04-13 13:10:24'
  ),
  (
    67,
    67,
    22450,
    '2026-04-13 13:10:24',
    '2026-04-13 13:10:24'
  ),
  (
    68,
    68,
    23120,
    '2026-04-13 13:10:24',
    '2026-04-13 13:10:24'
  ),
  (
    69,
    69,
    23810,
    '2026-04-13 13:10:24',
    '2026-04-13 13:10:24'
  ),
  (
    70,
    70,
    24500,
    '2026-04-13 13:10:24',
    '2026-04-13 13:10:24'
  ),
  (
    71,
    71,
    25210,
    '2026-04-13 13:10:24',
    '2026-04-13 13:10:24'
  ),
  (
    72,
    72,
    25920,
    '2026-04-13 13:10:24',
    '2026-04-13 13:10:24'
  ),
  (
    73,
    73,
    26650,
    '2026-04-13 13:10:24',
    '2026-04-13 13:10:24'
  ),
  (
    74,
    74,
    27380,
    '2026-04-13 13:10:24',
    '2026-04-13 13:10:24'
  ),
  (
    75,
    75,
    28130,
    '2026-04-13 13:10:24',
    '2026-04-13 13:10:24'
  ),
  (
    76,
    76,
    28880,
    '2026-04-13 13:10:24',
    '2026-04-13 13:10:24'
  ),
  (
    77,
    77,
    29650,
    '2026-04-13 13:10:24',
    '2026-04-13 13:10:24'
  ),
  (
    78,
    78,
    30420,
    '2026-04-13 13:10:24',
    '2026-04-13 13:10:24'
  ),
  (
    79,
    79,
    31210,
    '2026-04-13 13:10:24',
    '2026-04-13 13:10:24'
  ),
  (
    80,
    80,
    32000,
    '2026-04-13 13:10:24',
    '2026-04-13 13:10:24'
  ),
  (
    81,
    81,
    32810,
    '2026-04-13 13:10:24',
    '2026-04-13 13:10:24'
  ),
  (
    82,
    82,
    33620,
    '2026-04-13 13:10:24',
    '2026-04-13 13:10:24'
  ),
  (
    83,
    83,
    34450,
    '2026-04-13 13:10:24',
    '2026-04-13 13:10:24'
  ),
  (
    84,
    84,
    35280,
    '2026-04-13 13:10:24',
    '2026-04-13 13:10:24'
  ),
  (
    85,
    85,
    36130,
    '2026-04-13 13:10:24',
    '2026-04-13 13:10:24'
  ),
  (
    86,
    86,
    36980,
    '2026-04-13 13:10:24',
    '2026-04-13 13:10:24'
  ),
  (
    87,
    87,
    37850,
    '2026-04-13 13:10:24',
    '2026-04-13 13:10:24'
  ),
  (
    88,
    88,
    38720,
    '2026-04-13 13:10:24',
    '2026-04-13 13:10:24'
  ),
  (
    89,
    89,
    39610,
    '2026-04-13 13:10:24',
    '2026-04-13 13:10:24'
  ),
  (
    90,
    90,
    40500,
    '2026-04-13 13:10:24',
    '2026-04-13 13:10:24'
  ),
  (
    91,
    91,
    41410,
    '2026-04-13 13:10:24',
    '2026-04-13 13:10:24'
  ),
  (
    92,
    92,
    42320,
    '2026-04-13 13:10:24',
    '2026-04-13 13:10:24'
  ),
  (
    93,
    93,
    43250,
    '2026-04-13 13:10:24',
    '2026-04-13 13:10:24'
  ),
  (
    94,
    94,
    44180,
    '2026-04-13 13:10:24',
    '2026-04-13 13:10:24'
  ),
  (
    95,
    95,
    45130,
    '2026-04-13 13:10:24',
    '2026-04-13 13:10:24'
  ),
  (
    96,
    96,
    46080,
    '2026-04-13 13:10:24',
    '2026-04-13 13:10:24'
  ),
  (
    97,
    97,
    47050,
    '2026-04-13 13:10:24',
    '2026-04-13 13:10:24'
  ),
  (
    98,
    98,
    48020,
    '2026-04-13 13:10:24',
    '2026-04-13 13:10:24'
  ),
  (
    99,
    99,
    49010,
    '2026-04-13 13:10:24',
    '2026-04-13 13:10:24'
  ),
  (
    100,
    100,
    50000,
    '2026-04-13 13:10:24',
    '2026-04-13 13:10:24'
  );

/*!40000 ALTER TABLE `levels` ENABLE KEYS */;

UNLOCK TABLES;

--
-- Table structure for table `match_question`
--
DROP TABLE IF EXISTS `match_question`;

/*!40101 SET @saved_cs_client     = @@character_set_client */;

/*!50503 SET character_set_client = utf8mb4 */;

CREATE TABLE
  `match_question` (
    `id` bigint unsigned NOT NULL AUTO_INCREMENT,
    `game_match_id` bigint unsigned NOT NULL,
    `question_id` bigint unsigned NOT NULL,
    `user_answer_id` bigint unsigned DEFAULT NULL,
    `correct_answer_id` bigint unsigned NOT NULL,
    `round_number` int NOT NULL,
    `round_expires_at` datetime NOT NULL,
    `user_guess_time_ms` int DEFAULT NULL,
    `created_at` timestamp NULL DEFAULT NULL,
    `updated_at` timestamp NULL DEFAULT NULL,
    `deleted_at` timestamp NULL DEFAULT NULL,
    PRIMARY KEY (`id`),
    UNIQUE KEY `match_question_game_match_id_round_number_unique` (`game_match_id`, `round_number`),
    KEY `match_question_question_id_foreign` (`question_id`),
    KEY `match_question_user_answer_id_foreign` (`user_answer_id`),
    KEY `match_question_correct_answer_id_foreign` (`correct_answer_id`),
    CONSTRAINT `match_question_correct_answer_id_foreign` FOREIGN KEY (`correct_answer_id`) REFERENCES `answers` (`id`),
    CONSTRAINT `match_question_game_match_id_foreign` FOREIGN KEY (`game_match_id`) REFERENCES `game_matches` (`id`),
    CONSTRAINT `match_question_question_id_foreign` FOREIGN KEY (`question_id`) REFERENCES `questions` (`id`),
    CONSTRAINT `match_question_user_answer_id_foreign` FOREIGN KEY (`user_answer_id`) REFERENCES `answers` (`id`)
  ) ENGINE = InnoDB AUTO_INCREMENT = 10 DEFAULT CHARSET = utf8mb4 COLLATE = utf8mb4_unicode_ci;

/*!40101 SET character_set_client = @saved_cs_client */;

--
-- Dumping data for table `match_question`
--
LOCK TABLES `match_question` WRITE;

/*!40000 ALTER TABLE `match_question` DISABLE KEYS */;

INSERT INTO
  `match_question`
VALUES
  (
    1,
    1,
    106,
    422,
    421,
    1,
    '2026-04-13 13:10:25',
    7957,
    '2026-04-13 13:10:25',
    '2026-04-13 13:10:25',
    NULL
  ),
  (
    2,
    1,
    63,
    251,
    249,
    2,
    '2026-04-13 13:10:25',
    11603,
    '2026-04-13 13:10:25',
    '2026-04-13 13:10:25',
    NULL
  ),
  (
    3,
    1,
    14,
    56,
    53,
    3,
    '2026-04-13 13:10:25',
    9564,
    '2026-04-13 13:10:25',
    '2026-04-13 13:10:25',
    NULL
  ),
  (
    4,
    2,
    76,
    301,
    301,
    1,
    '2026-04-13 13:10:25',
    10248,
    '2026-04-13 13:10:25',
    '2026-04-13 13:10:25',
    NULL
  ),
  (
    5,
    2,
    74,
    294,
    293,
    2,
    '2026-04-13 13:10:25',
    14198,
    '2026-04-13 13:10:25',
    '2026-04-13 13:10:25',
    NULL
  ),
  (
    6,
    2,
    50,
    198,
    197,
    3,
    '2026-04-13 13:10:25',
    13580,
    '2026-04-13 13:10:25',
    '2026-04-13 13:10:25',
    NULL
  ),
  (
    7,
    3,
    76,
    302,
    301,
    1,
    '2026-04-13 13:10:25',
    13932,
    '2026-04-13 13:10:25',
    '2026-04-13 13:10:25',
    NULL
  ),
  (
    8,
    3,
    67,
    265,
    265,
    2,
    '2026-04-13 13:10:25',
    12144,
    '2026-04-13 13:10:25',
    '2026-04-13 13:10:25',
    NULL
  ),
  (
    9,
    3,
    16,
    64,
    61,
    3,
    '2026-04-13 13:10:25',
    9442,
    '2026-04-13 13:10:25',
    '2026-04-13 13:10:25',
    NULL
  );

/*!40000 ALTER TABLE `match_question` ENABLE KEYS */;

UNLOCK TABLES;

--
-- Table structure for table `migrations`
--
DROP TABLE IF EXISTS `migrations`;

/*!40101 SET @saved_cs_client     = @@character_set_client */;

/*!50503 SET character_set_client = utf8mb4 */;

CREATE TABLE
  `migrations` (
    `id` int unsigned NOT NULL AUTO_INCREMENT,
    `migration` varchar(255) COLLATE utf8mb4_unicode_ci NOT NULL,
    `batch` int NOT NULL,
    PRIMARY KEY (`id`)
  ) ENGINE = InnoDB AUTO_INCREMENT = 20 DEFAULT CHARSET = utf8mb4 COLLATE = utf8mb4_unicode_ci;

/*!40101 SET character_set_client = @saved_cs_client */;

--
-- Dumping data for table `migrations`
--
LOCK TABLES `migrations` WRITE;

/*!40000 ALTER TABLE `migrations` DISABLE KEYS */;

INSERT INTO
  `migrations`
VALUES
  (1, '0001_01_01_000000_create_users_table', 1),
  (2, '0001_01_01_000001_create_cache_table', 1),
  (3, '0001_01_01_000002_create_jobs_table', 1),
  (
    4,
    '2025_11_16_114730_create_personal_access_tokens_table',
    1
  ),
  (5, '2025_11_17_101242_create_badges_table', 1),
  (6, '2025_11_17_101322_create_badge_user_table', 1),
  (7, '2025_11_17_101401_create_ranks_table', 1),
  (8, '2025_11_17_101449_create_levels_table', 1),
  (9, '2025_11_17_121742_create_subjects_table', 1),
  (10, '2025_11_17_121934_create_questions_table', 1),
  (11, '2025_11_17_122035_create_answers_table', 1),
  (
    12,
    '2025_11_17_122300_create_game_matches_table',
    1
  ),
  (
    13,
    '2025_11_17_122854_create_match_question_table',
    1
  ),
  (
    14,
    '2025_11_17_123352_create_user_reports_table',
    1
  ),
  (
    15,
    '2025_11_17_123534_create_question_reports_table',
    1
  ),
  (
    16,
    '2025_11_17_123632_create_practice_sessions_table',
    1
  ),
  (
    17,
    '2025_11_17_123720_create_practice_session_question_table',
    1
  ),
  (
    18,
    '2026_01_02_113317_create_user_logins_table',
    1
  ),
  (19, '2026_02_25_113354_create_bans_table', 1);

/*!40000 ALTER TABLE `migrations` ENABLE KEYS */;

UNLOCK TABLES;

--
-- Table structure for table `password_reset_tokens`
--
DROP TABLE IF EXISTS `password_reset_tokens`;

/*!40101 SET @saved_cs_client     = @@character_set_client */;

/*!50503 SET character_set_client = utf8mb4 */;

CREATE TABLE
  `password_reset_tokens` (
    `email` varchar(255) COLLATE utf8mb4_unicode_ci NOT NULL,
    `token` varchar(255) COLLATE utf8mb4_unicode_ci NOT NULL,
    `created_at` timestamp NULL DEFAULT NULL,
    PRIMARY KEY (`email`)
  ) ENGINE = InnoDB DEFAULT CHARSET = utf8mb4 COLLATE = utf8mb4_unicode_ci;

/*!40101 SET character_set_client = @saved_cs_client */;

--
-- Dumping data for table `password_reset_tokens`
--
LOCK TABLES `password_reset_tokens` WRITE;

/*!40000 ALTER TABLE `password_reset_tokens` DISABLE KEYS */;

/*!40000 ALTER TABLE `password_reset_tokens` ENABLE KEYS */;

UNLOCK TABLES;

--
-- Table structure for table `personal_access_tokens`
--
DROP TABLE IF EXISTS `personal_access_tokens`;

/*!40101 SET @saved_cs_client     = @@character_set_client */;

/*!50503 SET character_set_client = utf8mb4 */;

CREATE TABLE
  `personal_access_tokens` (
    `id` bigint unsigned NOT NULL AUTO_INCREMENT,
    `tokenable_type` varchar(255) COLLATE utf8mb4_unicode_ci NOT NULL,
    `tokenable_id` bigint unsigned NOT NULL,
    `name` text COLLATE utf8mb4_unicode_ci NOT NULL,
    `token` varchar(64) COLLATE utf8mb4_unicode_ci NOT NULL,
    `abilities` text COLLATE utf8mb4_unicode_ci,
    `last_used_at` timestamp NULL DEFAULT NULL,
    `expires_at` timestamp NULL DEFAULT NULL,
    `created_at` timestamp NULL DEFAULT NULL,
    `updated_at` timestamp NULL DEFAULT NULL,
    PRIMARY KEY (`id`),
    UNIQUE KEY `personal_access_tokens_token_unique` (`token`),
    KEY `personal_access_tokens_tokenable_type_tokenable_id_index` (`tokenable_type`, `tokenable_id`),
    KEY `personal_access_tokens_expires_at_index` (`expires_at`)
  ) ENGINE = InnoDB DEFAULT CHARSET = utf8mb4 COLLATE = utf8mb4_unicode_ci;

/*!40101 SET character_set_client = @saved_cs_client */;

--
-- Dumping data for table `personal_access_tokens`
--
LOCK TABLES `personal_access_tokens` WRITE;

/*!40000 ALTER TABLE `personal_access_tokens` DISABLE KEYS */;

/*!40000 ALTER TABLE `personal_access_tokens` ENABLE KEYS */;

UNLOCK TABLES;

--
-- Table structure for table `practice_session_question`
--
DROP TABLE IF EXISTS `practice_session_question`;

/*!40101 SET @saved_cs_client     = @@character_set_client */;

/*!50503 SET character_set_client = utf8mb4 */;

CREATE TABLE
  `practice_session_question` (
    `id` bigint unsigned NOT NULL AUTO_INCREMENT,
    `practice_session_id` bigint unsigned NOT NULL,
    `question_id` bigint unsigned NOT NULL,
    `user_answer_id` bigint unsigned DEFAULT NULL,
    `correct_answer_id` bigint unsigned NOT NULL,
    `round_number` int NOT NULL,
    `user_guess_time_ms` int DEFAULT NULL,
    `created_at` timestamp NULL DEFAULT NULL,
    `updated_at` timestamp NULL DEFAULT NULL,
    PRIMARY KEY (`id`),
    UNIQUE KEY `psq_session_round_unique` (`practice_session_id`, `round_number`),
    KEY `practice_session_question_question_id_foreign` (`question_id`),
    KEY `practice_session_question_user_answer_id_foreign` (`user_answer_id`),
    KEY `practice_session_question_correct_answer_id_foreign` (`correct_answer_id`),
    CONSTRAINT `practice_session_question_correct_answer_id_foreign` FOREIGN KEY (`correct_answer_id`) REFERENCES `answers` (`id`),
    CONSTRAINT `practice_session_question_practice_session_id_foreign` FOREIGN KEY (`practice_session_id`) REFERENCES `practice_sessions` (`id`),
    CONSTRAINT `practice_session_question_question_id_foreign` FOREIGN KEY (`question_id`) REFERENCES `questions` (`id`),
    CONSTRAINT `practice_session_question_user_answer_id_foreign` FOREIGN KEY (`user_answer_id`) REFERENCES `answers` (`id`)
  ) ENGINE = InnoDB AUTO_INCREMENT = 16 DEFAULT CHARSET = utf8mb4 COLLATE = utf8mb4_unicode_ci;

/*!40101 SET character_set_client = @saved_cs_client */;

--
-- Dumping data for table `practice_session_question`
--
LOCK TABLES `practice_session_question` WRITE;

/*!40000 ALTER TABLE `practice_session_question` DISABLE KEYS */;

INSERT INTO
  `practice_session_question`
VALUES
  (
    1,
    1,
    120,
    480,
    477,
    1,
    6628,
    '2026-04-13 13:10:25',
    '2026-04-13 13:10:25'
  ),
  (
    2,
    1,
    84,
    333,
    333,
    2,
    4754,
    '2026-04-13 13:10:25',
    '2026-04-13 13:10:25'
  ),
  (
    3,
    1,
    106,
    423,
    421,
    3,
    11274,
    '2026-04-13 13:10:25',
    '2026-04-13 13:10:25'
  ),
  (
    4,
    1,
    84,
    335,
    333,
    4,
    4577,
    '2026-04-13 13:10:25',
    '2026-04-13 13:10:25'
  ),
  (
    5,
    1,
    38,
    150,
    149,
    5,
    11404,
    '2026-04-13 13:10:25',
    '2026-04-13 13:10:25'
  ),
  (
    6,
    1,
    94,
    374,
    373,
    6,
    10045,
    '2026-04-13 13:10:25',
    '2026-04-13 13:10:25'
  ),
  (
    7,
    1,
    61,
    244,
    241,
    7,
    4436,
    '2026-04-13 13:10:25',
    '2026-04-13 13:10:25'
  ),
  (
    8,
    1,
    41,
    164,
    161,
    8,
    5776,
    '2026-04-13 13:10:25',
    '2026-04-13 13:10:25'
  ),
  (
    9,
    1,
    70,
    277,
    277,
    9,
    4193,
    '2026-04-13 13:10:25',
    '2026-04-13 13:10:25'
  ),
  (
    10,
    1,
    65,
    258,
    257,
    10,
    4476,
    '2026-04-13 13:10:25',
    '2026-04-13 13:10:25'
  ),
  (
    11,
    2,
    20,
    78,
    77,
    1,
    9719,
    '2026-04-13 13:10:25',
    '2026-04-13 13:10:25'
  ),
  (
    12,
    2,
    8,
    29,
    29,
    2,
    3190,
    '2026-04-13 13:10:25',
    '2026-04-13 13:10:25'
  ),
  (
    13,
    2,
    50,
    200,
    197,
    3,
    11940,
    '2026-04-13 13:10:25',
    '2026-04-13 13:10:25'
  ),
  (
    14,
    2,
    2,
    6,
    5,
    4,
    7903,
    '2026-04-13 13:10:25',
    '2026-04-13 13:10:25'
  ),
  (
    15,
    2,
    21,
    82,
    81,
    5,
    4623,
    '2026-04-13 13:10:26',
    '2026-04-13 13:10:26'
  );

/*!40000 ALTER TABLE `practice_session_question` ENABLE KEYS */;

UNLOCK TABLES;

--
-- Table structure for table `practice_sessions`
--
DROP TABLE IF EXISTS `practice_sessions`;

/*!40101 SET @saved_cs_client     = @@character_set_client */;

/*!50503 SET character_set_client = utf8mb4 */;

CREATE TABLE
  `practice_sessions` (
    `id` bigint unsigned NOT NULL AUTO_INCREMENT,
    `user_id` bigint unsigned NOT NULL,
    `rounds` int NOT NULL,
    `xp_before` int NOT NULL,
    `xp_after` int DEFAULT NULL,
    `created_at` timestamp NULL DEFAULT NULL,
    `updated_at` timestamp NULL DEFAULT NULL,
    PRIMARY KEY (`id`),
    KEY `practice_sessions_user_id_index` (`user_id`),
    CONSTRAINT `practice_sessions_user_id_foreign` FOREIGN KEY (`user_id`) REFERENCES `users` (`id`)
  ) ENGINE = InnoDB AUTO_INCREMENT = 3 DEFAULT CHARSET = utf8mb4 COLLATE = utf8mb4_unicode_ci;

/*!40101 SET character_set_client = @saved_cs_client */;

--
-- Dumping data for table `practice_sessions`
--
LOCK TABLES `practice_sessions` WRITE;

/*!40000 ALTER TABLE `practice_sessions` DISABLE KEYS */;

INSERT INTO
  `practice_sessions`
VALUES
  (
    1,
    1,
    10,
    300,
    400,
    '2026-04-13 13:10:25',
    '2026-04-13 13:10:25'
  ),
  (
    2,
    2,
    5,
    150,
    200,
    '2026-04-13 13:10:25',
    '2026-04-13 13:10:25'
  );

/*!40000 ALTER TABLE `practice_sessions` ENABLE KEYS */;

UNLOCK TABLES;

--
-- Table structure for table `question_reports`
--
DROP TABLE IF EXISTS `question_reports`;

/*!40101 SET @saved_cs_client     = @@character_set_client */;

/*!50503 SET character_set_client = utf8mb4 */;

CREATE TABLE
  `question_reports` (
    `id` bigint unsigned NOT NULL AUTO_INCREMENT,
    `user_id` bigint unsigned NOT NULL,
    `question_id` bigint unsigned NOT NULL,
    `comment` varchar(255) COLLATE utf8mb4_unicode_ci NOT NULL,
    `status` enum ('Open', 'Investigating', 'Closed') COLLATE utf8mb4_unicode_ci NOT NULL DEFAULT 'Open',
    `created_at` timestamp NULL DEFAULT NULL,
    `updated_at` timestamp NULL DEFAULT NULL,
    `deleted_at` timestamp NULL DEFAULT NULL,
    PRIMARY KEY (`id`),
    UNIQUE KEY `question_reports_user_id_question_id_unique` (`user_id`, `question_id`),
    KEY `question_reports_question_id_foreign` (`question_id`),
    CONSTRAINT `question_reports_question_id_foreign` FOREIGN KEY (`question_id`) REFERENCES `questions` (`id`),
    CONSTRAINT `question_reports_user_id_foreign` FOREIGN KEY (`user_id`) REFERENCES `users` (`id`)
  ) ENGINE = InnoDB AUTO_INCREMENT = 3 DEFAULT CHARSET = utf8mb4 COLLATE = utf8mb4_unicode_ci;

/*!40101 SET character_set_client = @saved_cs_client */;

--
-- Dumping data for table `question_reports`
--
LOCK TABLES `question_reports` WRITE;

/*!40000 ALTER TABLE `question_reports` DISABLE KEYS */;

INSERT INTO
  `question_reports`
VALUES
  (
    1,
    2,
    67,
    'Szerintem ez a kérdés félreérthető',
    'Open',
    '2026-04-13 13:10:26',
    '2026-04-13 13:10:26',
    NULL
  ),
  (
    2,
    3,
    27,
    'A helyes válasz nem stimmel',
    'Open',
    '2026-04-13 13:10:26',
    '2026-04-13 13:10:26',
    NULL
  );

/*!40000 ALTER TABLE `question_reports` ENABLE KEYS */;

UNLOCK TABLES;

--
-- Table structure for table `questions`
--
DROP TABLE IF EXISTS `questions`;

/*!40101 SET @saved_cs_client     = @@character_set_client */;

/*!50503 SET character_set_client = utf8mb4 */;

CREATE TABLE
  `questions` (
    `id` bigint unsigned NOT NULL AUTO_INCREMENT,
    `subject_id` bigint unsigned NOT NULL,
    `question` varchar(255) COLLATE utf8mb4_unicode_ci NOT NULL,
    `created_at` timestamp NULL DEFAULT NULL,
    `updated_at` timestamp NULL DEFAULT NULL,
    `deleted_at` timestamp NULL DEFAULT NULL,
    PRIMARY KEY (`id`),
    UNIQUE KEY `questions_subject_id_question_unique` (`subject_id`, `question`),
    CONSTRAINT `questions_subject_id_foreign` FOREIGN KEY (`subject_id`) REFERENCES `subjects` (`id`) ON DELETE CASCADE
  ) ENGINE = InnoDB AUTO_INCREMENT = 122 DEFAULT CHARSET = utf8mb4 COLLATE = utf8mb4_unicode_ci;

/*!40101 SET character_set_client = @saved_cs_client */;

--
-- Dumping data for table `questions`
--
LOCK TABLES `questions` WRITE;

/*!40000 ALTER TABLE `questions` DISABLE KEYS */;

INSERT INTO
  `questions`
VALUES
  (
    1,
    1,
    'Mikor volt a mohácsi vész?',
    '2026-04-13 13:10:19',
    '2026-04-13 13:10:19',
    NULL
  ),
  (
    2,
    1,
    'Ki vezette a törököket a mohácsi csatában?',
    '2026-04-13 13:10:19',
    '2026-04-13 13:10:19',
    NULL
  ),
  (
    3,
    1,
    'Melyik évben foglalták el a törökök Budát?',
    '2026-04-13 13:10:19',
    '2026-04-13 13:10:19',
    NULL
  ),
  (
    4,
    1,
    'Ki volt Magyarország első királya?',
    '2026-04-13 13:10:19',
    '2026-04-13 13:10:19',
    NULL
  ),
  (
    5,
    1,
    'Melyik évben koronázták királlyá I. Istvánt?',
    '2026-04-13 13:10:19',
    '2026-04-13 13:10:19',
    NULL
  ),
  (
    6,
    1,
    'Melyik csatában szenvedtek vereséget a magyarok 955-ben?',
    '2026-04-13 13:10:19',
    '2026-04-13 13:10:19',
    NULL
  ),
  (
    7,
    1,
    'Melyik évben volt a tatárjárás Magyarországon?',
    '2026-04-13 13:10:19',
    '2026-04-13 13:10:19',
    NULL
  ),
  (
    8,
    1,
    'Mit jelent az Aranybulla (1222)?',
    '2026-04-13 13:10:19',
    '2026-04-13 13:10:19',
    NULL
  ),
  (
    9,
    1,
    'Ki volt Hunyadi János fia, aki később Magyarország királya lett?',
    '2026-04-13 13:10:19',
    '2026-04-13 13:10:19',
    NULL
  ),
  (
    10,
    1,
    'Melyik évben volt a nándorfehérvári diadal?',
    '2026-04-13 13:10:20',
    '2026-04-13 13:10:20',
    NULL
  ),
  (
    11,
    1,
    'Melyik dinasztia tagja volt Károly Róbert?',
    '2026-04-13 13:10:20',
    '2026-04-13 13:10:20',
    NULL
  ),
  (
    12,
    1,
    'Mikor ért véget a török hódoltság Magyarországon?',
    '2026-04-13 13:10:20',
    '2026-04-13 13:10:20',
    NULL
  ),
  (
    13,
    1,
    'Ki vezette a Rákóczi-szabadságharcot (1703–1711)?',
    '2026-04-13 13:10:20',
    '2026-04-13 13:10:20',
    NULL
  ),
  (
    14,
    1,
    'Melyik évben született Széchenyi István?',
    '2026-04-13 13:10:20',
    '2026-04-13 13:10:20',
    NULL
  ),
  (
    15,
    1,
    'Mit nevezünk a \"legnagyobb magyarnak\"?',
    '2026-04-13 13:10:20',
    '2026-04-13 13:10:20',
    NULL
  ),
  (
    16,
    1,
    'Mikor tört ki az 1848-as magyar forradalom?',
    '2026-04-13 13:10:20',
    '2026-04-13 13:10:20',
    NULL
  ),
  (
    17,
    1,
    'Ki volt az 1848–49-es forradalom és szabadságharc fővezére a végső szakaszban?',
    '2026-04-13 13:10:20',
    '2026-04-13 13:10:20',
    NULL
  ),
  (
    18,
    1,
    'Melyik évben kötötték az Osztrák–Magyar kiegyezést?',
    '2026-04-13 13:10:20',
    '2026-04-13 13:10:20',
    NULL
  ),
  (
    19,
    1,
    'Ki volt a kiegyezés magyar főtárgyalója?',
    '2026-04-13 13:10:20',
    '2026-04-13 13:10:20',
    NULL
  ),
  (
    20,
    1,
    'Melyik évben tört ki az első világháború?',
    '2026-04-13 13:10:20',
    '2026-04-13 13:10:20',
    NULL
  ),
  (
    21,
    1,
    'Melyik békeszerződés zárta le az első világháborút Magyarország számára?',
    '2026-04-13 13:10:20',
    '2026-04-13 13:10:20',
    NULL
  ),
  (
    22,
    1,
    'Mikor írták alá a trianoni békét?',
    '2026-04-13 13:10:20',
    '2026-04-13 13:10:20',
    NULL
  ),
  (
    23,
    1,
    'Ki volt Magyarország kormányzója 1920–1944 között?',
    '2026-04-13 13:10:20',
    '2026-04-13 13:10:20',
    NULL
  ),
  (
    24,
    1,
    'Melyik évben tört ki a második világháború?',
    '2026-04-13 13:10:20',
    '2026-04-13 13:10:20',
    NULL
  ),
  (
    25,
    1,
    'Mikor szabadult fel Budapest a szovjet csapatok által a második világháborúban?',
    '2026-04-13 13:10:20',
    '2026-04-13 13:10:20',
    NULL
  ),
  (
    26,
    1,
    'Ki volt Magyarország kommunista pártjának főtitkára a Rákosi-korszakban?',
    '2026-04-13 13:10:20',
    '2026-04-13 13:10:20',
    NULL
  ),
  (
    27,
    1,
    'Mikor volt az 1956-os magyar forradalom?',
    '2026-04-13 13:10:20',
    '2026-04-13 13:10:20',
    NULL
  ),
  (
    28,
    1,
    'Ki volt Magyarország miniszterelnöke 1956 októberében?',
    '2026-04-13 13:10:20',
    '2026-04-13 13:10:20',
    NULL
  ),
  (
    29,
    1,
    'Melyik évben rendeztek szabad választásokat Magyarországon a rendszerváltás után először?',
    '2026-04-13 13:10:20',
    '2026-04-13 13:10:20',
    NULL
  ),
  (
    30,
    1,
    'Melyik évben csatlakozott Magyarország az Európai Unióhoz?',
    '2026-04-13 13:10:20',
    '2026-04-13 13:10:20',
    NULL
  ),
  (
    31,
    1,
    'Mi volt a királyi kancellária fő feladata?',
    '2026-04-13 13:10:20',
    '2026-04-13 13:10:20',
    NULL
  ),
  (
    32,
    1,
    'Mi volt a gróf feladata a Frank Királyságban?',
    '2026-04-13 13:10:20',
    '2026-04-13 13:10:20',
    NULL
  ),
  (
    33,
    1,
    'Melyik évben adták ki a Magna Charta Libertatum-ot?',
    '2026-04-13 13:10:20',
    '2026-04-13 13:10:20',
    NULL
  ),
  (
    34,
    1,
    'Mit biztosított a Magna Charta a főnemeseknek?',
    '2026-04-13 13:10:20',
    '2026-04-13 13:10:20',
    NULL
  ),
  (
    35,
    1,
    'Mi a hűbérbirtok?',
    '2026-04-13 13:10:21',
    '2026-04-13 13:10:21',
    NULL
  ),
  (
    36,
    1,
    'Mit nevezzük hűbérúrnak (senior)?',
    '2026-04-13 13:10:21',
    '2026-04-13 13:10:21',
    NULL
  ),
  (
    37,
    1,
    'Mit nevezzük vazallusnak?',
    '2026-04-13 13:10:21',
    '2026-04-13 13:10:21',
    NULL
  ),
  (
    38,
    1,
    'Mi a rendi gyűlés fő feladata?',
    '2026-04-13 13:10:21',
    '2026-04-13 13:10:21',
    NULL
  ),
  (
    39,
    1,
    'Mikor jött létre a Pápai Állam?',
    '2026-04-13 13:10:21',
    '2026-04-13 13:10:21',
    NULL
  ),
  (
    40,
    1,
    'Mi a feudalizmus lényege?',
    '2026-04-13 13:10:21',
    '2026-04-13 13:10:21',
    NULL
  ),
  (
    41,
    1,
    'Mi a robot a feudalizmusban?',
    '2026-04-13 13:10:21',
    '2026-04-13 13:10:21',
    NULL
  ),
  (
    42,
    1,
    'Mi a terményjáradék?',
    '2026-04-13 13:10:21',
    '2026-04-13 13:10:21',
    NULL
  ),
  (
    43,
    1,
    'Mi az ugar?',
    '2026-04-13 13:10:21',
    '2026-04-13 13:10:21',
    NULL
  ),
  (
    44,
    1,
    'Hány részre osztja a földet a háromnyomásos gazdálkodás?',
    '2026-04-13 13:10:21',
    '2026-04-13 13:10:21',
    NULL
  ),
  (
    45,
    1,
    'Mi a tized?',
    '2026-04-13 13:10:21',
    '2026-04-13 13:10:21',
    NULL
  ),
  (
    46,
    1,
    'Mi az úriszék?',
    '2026-04-13 13:10:21',
    '2026-04-13 13:10:21',
    NULL
  ),
  (
    47,
    1,
    'Mi a majorság?',
    '2026-04-13 13:10:21',
    '2026-04-13 13:10:21',
    NULL
  ),
  (
    48,
    1,
    'Miben segített a szügyhám a középkorban?',
    '2026-04-13 13:10:21',
    '2026-04-13 13:10:21',
    NULL
  ),
  (
    49,
    1,
    'Mikor következett be a nagy egyházszakadás (szkizma)?',
    '2026-04-13 13:10:21',
    '2026-04-13 13:10:21',
    NULL
  ),
  (
    50,
    1,
    'Mire osztódott szét a kereszténység 1054-ben?',
    '2026-04-13 13:10:21',
    '2026-04-13 13:10:21',
    NULL
  ),
  (
    51,
    1,
    'Mi a zsinat?',
    '2026-04-13 13:10:21',
    '2026-04-13 13:10:21',
    NULL
  ),
  (
    52,
    1,
    'Ki rendelkezik pápaválasztó joggal?',
    '2026-04-13 13:10:21',
    '2026-04-13 13:10:21',
    NULL
  ),
  (
    53,
    1,
    'Mi a különbség érsek és püspök között?',
    '2026-04-13 13:10:21',
    '2026-04-13 13:10:21',
    NULL
  ),
  (
    54,
    1,
    'Melyik évben alapították a bencés rendet?',
    '2026-04-13 13:10:21',
    '2026-04-13 13:10:21',
    NULL
  ),
  (
    55,
    1,
    'Mi a bencés rend jelmondata?',
    '2026-04-13 13:10:21',
    '2026-04-13 13:10:21',
    NULL
  ),
  (
    56,
    1,
    'Mikor jöttek létre a koldulórendek?',
    '2026-04-13 13:10:21',
    '2026-04-13 13:10:21',
    NULL
  ),
  (
    57,
    1,
    'Hol éltek és tevékenykedtek a koldulórendek tagjai?',
    '2026-04-13 13:10:21',
    '2026-04-13 13:10:21',
    NULL
  ),
  (
    58,
    1,
    'Ki az eretnek?',
    '2026-04-13 13:10:21',
    '2026-04-13 13:10:21',
    NULL
  ),
  (
    59,
    1,
    'Mire szolgált az inkvizíció?',
    '2026-04-13 13:10:21',
    '2026-04-13 13:10:21',
    NULL
  ),
  (
    60,
    1,
    'Mi a regula a szerzetességben?',
    '2026-04-13 13:10:21',
    '2026-04-13 13:10:21',
    NULL
  ),
  (
    61,
    1,
    'Mi az uradalom?',
    '2026-04-13 13:10:21',
    '2026-04-13 13:10:21',
    NULL
  ),
  (
    62,
    2,
    'Melyik Petőfi Sándor leghíresebb forradalmi verse?',
    '2026-04-13 13:10:21',
    '2026-04-13 13:10:21',
    NULL
  ),
  (
    63,
    2,
    'Mikor született Petőfi Sándor?',
    '2026-04-13 13:10:22',
    '2026-04-13 13:10:22',
    NULL
  ),
  (
    64,
    2,
    'Melyik műfajba tartozik a János vitéz?',
    '2026-04-13 13:10:22',
    '2026-04-13 13:10:22',
    NULL
  ),
  (
    65,
    2,
    'Ki írta a Toldi-trilógiát?',
    '2026-04-13 13:10:22',
    '2026-04-13 13:10:22',
    NULL
  ),
  (
    66,
    2,
    'Melyik Arany János balladája szól egy gyilkos anyáról?',
    '2026-04-13 13:10:22',
    '2026-04-13 13:10:22',
    NULL
  ),
  (
    67,
    2,
    'Melyik Vörösmarty Mihály leghíresebb hazafias verse?',
    '2026-04-13 13:10:22',
    '2026-04-13 13:10:22',
    NULL
  ),
  (
    68,
    2,
    'Melyik irodalmi korszakhoz tartozik Csokonai Vitéz Mihály?',
    '2026-04-13 13:10:22',
    '2026-04-13 13:10:22',
    NULL
  ),
  (
    69,
    2,
    'Ki írta az \"Egri csillagok\" című regényt?',
    '2026-04-13 13:10:22',
    '2026-04-13 13:10:22',
    NULL
  ),
  (
    70,
    2,
    'Melyik Jókai Mór leghíresebb regénye?',
    '2026-04-13 13:10:22',
    '2026-04-13 13:10:22',
    NULL
  ),
  (
    71,
    2,
    'Ki írta a Bánk bán című drámát?',
    '2026-04-13 13:10:22',
    '2026-04-13 13:10:22',
    NULL
  ),
  (
    72,
    2,
    'Ki írta Az ember tragédiája című drámai költeményt?',
    '2026-04-13 13:10:22',
    '2026-04-13 13:10:22',
    NULL
  ),
  (
    73,
    2,
    'Melyik folyóirat volt a Nyugat mozgalom lapja?',
    '2026-04-13 13:10:22',
    '2026-04-13 13:10:22',
    NULL
  ),
  (
    74,
    2,
    'Ki volt a Nyugat folyóirat egyik legjelentősebb költője?',
    '2026-04-13 13:10:22',
    '2026-04-13 13:10:22',
    NULL
  ),
  (
    75,
    2,
    'Melyik Ady Endre verseskötete az első jelentős szimbolista kötete?',
    '2026-04-13 13:10:22',
    '2026-04-13 13:10:22',
    NULL
  ),
  (
    76,
    2,
    'Melyik irodalmi irányzathoz kapcsolható Babits Mihály?',
    '2026-04-13 13:10:22',
    '2026-04-13 13:10:22',
    NULL
  ),
  (
    77,
    2,
    'Ki írta a \"Légy jó mindhalálig\" című regényt?',
    '2026-04-13 13:10:22',
    '2026-04-13 13:10:22',
    NULL
  ),
  (
    78,
    2,
    'Melyik Kosztolányi Dezső legismertebb regénye?',
    '2026-04-13 13:10:22',
    '2026-04-13 13:10:22',
    NULL
  ),
  (
    79,
    2,
    'Melyik József Attila verse szól a munkásosztály sorsáról?',
    '2026-04-13 13:10:22',
    '2026-04-13 13:10:22',
    NULL
  ),
  (
    80,
    2,
    'Melyik évben született József Attila?',
    '2026-04-13 13:10:22',
    '2026-04-13 13:10:22',
    NULL
  ),
  (
    81,
    2,
    'Melyik műfaj jellemzi Mikszáth Kálmán legtöbb művét?',
    '2026-04-13 13:10:22',
    '2026-04-13 13:10:22',
    NULL
  ),
  (
    82,
    2,
    'Ki írta a \"Kőszívű ember fiai\" című regényt?',
    '2026-04-13 13:10:22',
    '2026-04-13 13:10:22',
    NULL
  ),
  (
    83,
    2,
    'Melyik Shakespeare-dráma főhőse dán királyfi?',
    '2026-04-13 13:10:22',
    '2026-04-13 13:10:22',
    NULL
  ),
  (
    84,
    2,
    'Melyik antik görög drámaíró műve az Antigoné?',
    '2026-04-13 13:10:22',
    '2026-04-13 13:10:22',
    NULL
  ),
  (
    85,
    2,
    'Ki írta a Divine Commedia (Isteni színjáték) című művet?',
    '2026-04-13 13:10:22',
    '2026-04-13 13:10:22',
    NULL
  ),
  (
    86,
    2,
    'Melyik irodalmi korszakhoz tartozik a reneszánsz?',
    '2026-04-13 13:10:22',
    '2026-04-13 13:10:22',
    NULL
  ),
  (
    87,
    2,
    'Melyik Balassi Bálint leghíresebb versformája?',
    '2026-04-13 13:10:22',
    '2026-04-13 13:10:22',
    NULL
  ),
  (
    88,
    2,
    'Mi jellemzi a barokk irodalmat?',
    '2026-04-13 13:10:22',
    '2026-04-13 13:10:22',
    NULL
  ),
  (
    89,
    2,
    'Melyik Radnóti Miklós utolsó verseskötete?',
    '2026-04-13 13:10:22',
    '2026-04-13 13:10:22',
    NULL
  ),
  (
    90,
    2,
    'Melyik Illyés Gyula leghíresebb verse a zsarnokságról?',
    '2026-04-13 13:10:23',
    '2026-04-13 13:10:23',
    NULL
  ),
  (
    91,
    2,
    'Ki írta a \"Tüskevár\" és \"Kék tündér\" ifjúsági regényeket?',
    '2026-04-13 13:10:23',
    '2026-04-13 13:10:23',
    NULL
  ),
  (
    92,
    3,
    'Mi a mondat fogalma a nyelvtanban?',
    '2026-04-13 13:10:23',
    '2026-04-13 13:10:23',
    NULL
  ),
  (
    93,
    3,
    'Melyik mondatrész a mondat gerince, amely nélkül nincs teljes mondat?',
    '2026-04-13 13:10:23',
    '2026-04-13 13:10:23',
    NULL
  ),
  (
    94,
    3,
    'Mi a szófaja a \"futás\" szónak?',
    '2026-04-13 13:10:23',
    '2026-04-13 13:10:23',
    NULL
  ),
  (
    95,
    3,
    'Melyik a helyes példa a minőségjelzőre?',
    '2026-04-13 13:10:23',
    '2026-04-13 13:10:23',
    NULL
  ),
  (
    96,
    3,
    'Melyik példa mutat be összetett mondatot?',
    '2026-04-13 13:10:23',
    '2026-04-13 13:10:23',
    NULL
  ),
  (
    97,
    3,
    'Mi a különbség a mellérendelő és az alárendelő összetett mondat között?',
    '2026-04-13 13:10:23',
    '2026-04-13 13:10:23',
    NULL
  ),
  (
    98,
    3,
    'Melyik szóalakban van képző?',
    '2026-04-13 13:10:23',
    '2026-04-13 13:10:23',
    NULL
  ),
  (
    99,
    3,
    'Mi az igekötő szerepe az igében?',
    '2026-04-13 13:10:23',
    '2026-04-13 13:10:23',
    NULL
  ),
  (
    100,
    3,
    'Melyik mondat tartalmaz alanyi ragozást?',
    '2026-04-13 13:10:23',
    '2026-04-13 13:10:23',
    NULL
  ),
  (
    101,
    3,
    'Melyik szó tartalmaz toldalékot, amely egyszerre rag és jel?',
    '2026-04-13 13:10:23',
    '2026-04-13 13:10:23',
    NULL
  ),
  (
    102,
    3,
    'Mi a szövegkohézió?',
    '2026-04-13 13:10:23',
    '2026-04-13 13:10:23',
    NULL
  ),
  (
    103,
    3,
    'Melyik stílusrétegbe tartozik egy tudományos cikk?',
    '2026-04-13 13:10:23',
    '2026-04-13 13:10:23',
    NULL
  ),
  (
    104,
    3,
    'Mi a metafora?',
    '2026-04-13 13:10:23',
    '2026-04-13 13:10:23',
    NULL
  ),
  (
    105,
    3,
    'Melyik a helyes példa a megszemélyesítésre?',
    '2026-04-13 13:10:23',
    '2026-04-13 13:10:23',
    NULL
  ),
  (
    106,
    3,
    'Mi a hasonlat?',
    '2026-04-13 13:10:23',
    '2026-04-13 13:10:23',
    NULL
  ),
  (
    107,
    3,
    'Mi az alliteráció?',
    '2026-04-13 13:10:23',
    '2026-04-13 13:10:23',
    NULL
  ),
  (
    108,
    3,
    'Melyik szófaj fejez ki cselekvést, történést vagy létezést?',
    '2026-04-13 13:10:23',
    '2026-04-13 13:10:23',
    NULL
  ),
  (
    109,
    3,
    'Mi a névelő szerepe a mondatban?',
    '2026-04-13 13:10:23',
    '2026-04-13 13:10:23',
    NULL
  ),
  (
    110,
    3,
    'Melyik mondatban szerepel határozói igenév?',
    '2026-04-13 13:10:23',
    '2026-04-13 13:10:23',
    NULL
  ),
  (
    111,
    3,
    'Melyik a helyesírási alapelv, amely szerint \"ház\" szót h-á-z-nak írjuk?',
    '2026-04-13 13:10:23',
    '2026-04-13 13:10:23',
    NULL
  ),
  (
    112,
    3,
    'Melyik helyesírási alapelv alapján írjuk: \"egészség\" (nem \"egésztség\")?',
    '2026-04-13 13:10:23',
    '2026-04-13 13:10:23',
    NULL
  ),
  (
    113,
    3,
    'Mi a szintagma?',
    '2026-04-13 13:10:23',
    '2026-04-13 13:10:23',
    NULL
  ),
  (
    114,
    3,
    'Mit nevezünk tőmondatnak?',
    '2026-04-13 13:10:23',
    '2026-04-13 13:10:23',
    NULL
  ),
  (
    115,
    3,
    'Mi az eufémizmus?',
    '2026-04-13 13:10:23',
    '2026-04-13 13:10:23',
    NULL
  ),
  (
    116,
    3,
    'Melyik példa szemlélteti a szóismétlést (epizeuxis)?',
    '2026-04-13 13:10:23',
    '2026-04-13 13:10:23',
    NULL
  ),
  (
    117,
    3,
    'Melyik mondat helyes a vesszőhasználat szempontjából?',
    '2026-04-13 13:10:23',
    '2026-04-13 13:10:23',
    NULL
  ),
  (
    118,
    3,
    'Mit jelent a denotáció fogalma?',
    '2026-04-13 13:10:24',
    '2026-04-13 13:10:24',
    NULL
  ),
  (
    119,
    3,
    'Mi a konnotáció?',
    '2026-04-13 13:10:24',
    '2026-04-13 13:10:24',
    NULL
  ),
  (
    120,
    3,
    'Melyik szófaj a \"gyorsan\" szó?',
    '2026-04-13 13:10:24',
    '2026-04-13 13:10:24',
    NULL
  ),
  (
    121,
    3,
    'Melyik mondatban van alanyi mellékmondat?',
    '2026-04-13 13:10:24',
    '2026-04-13 13:10:24',
    NULL
  );

/*!40000 ALTER TABLE `questions` ENABLE KEYS */;

UNLOCK TABLES;

--
-- Table structure for table `ranks`
--
DROP TABLE IF EXISTS `ranks`;

/*!40101 SET @saved_cs_client     = @@character_set_client */;

/*!50503 SET character_set_client = utf8mb4 */;

CREATE TABLE
  `ranks` (
    `id` bigint unsigned NOT NULL AUTO_INCREMENT,
    `name` varchar(255) COLLATE utf8mb4_unicode_ci NOT NULL,
    `min_elo` int NOT NULL,
    `created_at` timestamp NULL DEFAULT NULL,
    `updated_at` timestamp NULL DEFAULT NULL,
    PRIMARY KEY (`id`),
    UNIQUE KEY `ranks_name_unique` (`name`),
    UNIQUE KEY `ranks_min_elo_unique` (`min_elo`)
  ) ENGINE = InnoDB AUTO_INCREMENT = 27 DEFAULT CHARSET = utf8mb4 COLLATE = utf8mb4_unicode_ci;

/*!40101 SET character_set_client = @saved_cs_client */;

--
-- Dumping data for table `ranks`
--
LOCK TABLES `ranks` WRITE;

/*!40000 ALTER TABLE `ranks` DISABLE KEYS */;

INSERT INTO
  `ranks`
VALUES
  (
    1,
    'Copper V',
    0,
    '2026-04-13 13:10:24',
    '2026-04-13 13:10:24'
  ),
  (
    2,
    'Copper IV',
    100,
    '2026-04-13 13:10:24',
    '2026-04-13 13:10:24'
  ),
  (
    3,
    'Copper III',
    200,
    '2026-04-13 13:10:24',
    '2026-04-13 13:10:24'
  ),
  (
    4,
    'Copper II',
    300,
    '2026-04-13 13:10:24',
    '2026-04-13 13:10:24'
  ),
  (
    5,
    'Copper I',
    400,
    '2026-04-13 13:10:24',
    '2026-04-13 13:10:24'
  ),
  (
    6,
    'Bronze V',
    500,
    '2026-04-13 13:10:24',
    '2026-04-13 13:10:24'
  ),
  (
    7,
    'Bronze IV',
    600,
    '2026-04-13 13:10:24',
    '2026-04-13 13:10:24'
  ),
  (
    8,
    'Bronze III',
    700,
    '2026-04-13 13:10:24',
    '2026-04-13 13:10:24'
  ),
  (
    9,
    'Bronze II',
    800,
    '2026-04-13 13:10:24',
    '2026-04-13 13:10:24'
  ),
  (
    10,
    'Bronze I',
    900,
    '2026-04-13 13:10:24',
    '2026-04-13 13:10:24'
  ),
  (
    11,
    'Silver V',
    1000,
    '2026-04-13 13:10:24',
    '2026-04-13 13:10:24'
  ),
  (
    12,
    'Silver IV',
    1150,
    '2026-04-13 13:10:24',
    '2026-04-13 13:10:24'
  ),
  (
    13,
    'Silver III',
    1300,
    '2026-04-13 13:10:24',
    '2026-04-13 13:10:24'
  ),
  (
    14,
    'Silver II',
    1450,
    '2026-04-13 13:10:24',
    '2026-04-13 13:10:24'
  ),
  (
    15,
    'Silver I',
    1600,
    '2026-04-13 13:10:24',
    '2026-04-13 13:10:24'
  ),
  (
    16,
    'Gold V',
    1750,
    '2026-04-13 13:10:24',
    '2026-04-13 13:10:24'
  ),
  (
    17,
    'Gold IV',
    1950,
    '2026-04-13 13:10:24',
    '2026-04-13 13:10:24'
  ),
  (
    18,
    'Gold III',
    2150,
    '2026-04-13 13:10:25',
    '2026-04-13 13:10:25'
  ),
  (
    19,
    'Gold II',
    2350,
    '2026-04-13 13:10:25',
    '2026-04-13 13:10:25'
  ),
  (
    20,
    'Gold I',
    2550,
    '2026-04-13 13:10:25',
    '2026-04-13 13:10:25'
  ),
  (
    21,
    'Platinum V',
    2750,
    '2026-04-13 13:10:25',
    '2026-04-13 13:10:25'
  ),
  (
    22,
    'Platinum IV',
    3000,
    '2026-04-13 13:10:25',
    '2026-04-13 13:10:25'
  ),
  (
    23,
    'Platinum III',
    3250,
    '2026-04-13 13:10:25',
    '2026-04-13 13:10:25'
  ),
  (
    24,
    'Platinum II',
    3500,
    '2026-04-13 13:10:25',
    '2026-04-13 13:10:25'
  ),
  (
    25,
    'Platinum I',
    3750,
    '2026-04-13 13:10:25',
    '2026-04-13 13:10:25'
  ),
  (
    26,
    'Champion',
    5000,
    '2026-04-13 13:10:25',
    '2026-04-13 13:10:25'
  );

/*!40000 ALTER TABLE `ranks` ENABLE KEYS */;

UNLOCK TABLES;

--
-- Table structure for table `sessions`
--
DROP TABLE IF EXISTS `sessions`;

/*!40101 SET @saved_cs_client     = @@character_set_client */;

/*!50503 SET character_set_client = utf8mb4 */;

CREATE TABLE
  `sessions` (
    `id` varchar(255) COLLATE utf8mb4_unicode_ci NOT NULL,
    `user_id` bigint unsigned DEFAULT NULL,
    `ip_address` varchar(45) COLLATE utf8mb4_unicode_ci DEFAULT NULL,
    `user_agent` text COLLATE utf8mb4_unicode_ci,
    `payload` longtext COLLATE utf8mb4_unicode_ci NOT NULL,
    `last_activity` int NOT NULL,
    PRIMARY KEY (`id`),
    KEY `sessions_user_id_index` (`user_id`),
    KEY `sessions_last_activity_index` (`last_activity`)
  ) ENGINE = InnoDB DEFAULT CHARSET = utf8mb4 COLLATE = utf8mb4_unicode_ci;

/*!40101 SET character_set_client = @saved_cs_client */;

--
-- Dumping data for table `sessions`
--
LOCK TABLES `sessions` WRITE;

/*!40000 ALTER TABLE `sessions` DISABLE KEYS */;

/*!40000 ALTER TABLE `sessions` ENABLE KEYS */;

UNLOCK TABLES;

--
-- Table structure for table `subjects`
--
DROP TABLE IF EXISTS `subjects`;

/*!40101 SET @saved_cs_client     = @@character_set_client */;

/*!50503 SET character_set_client = utf8mb4 */;

CREATE TABLE
  `subjects` (
    `id` bigint unsigned NOT NULL AUTO_INCREMENT,
    `name` varchar(255) COLLATE utf8mb4_unicode_ci NOT NULL,
    `created_at` timestamp NULL DEFAULT NULL,
    `updated_at` timestamp NULL DEFAULT NULL,
    PRIMARY KEY (`id`),
    UNIQUE KEY `subjects_name_unique` (`name`)
  ) ENGINE = InnoDB AUTO_INCREMENT = 4 DEFAULT CHARSET = utf8mb4 COLLATE = utf8mb4_unicode_ci;

/*!40101 SET character_set_client = @saved_cs_client */;

--
-- Dumping data for table `subjects`
--
LOCK TABLES `subjects` WRITE;

/*!40000 ALTER TABLE `subjects` DISABLE KEYS */;

INSERT INTO
  `subjects`
VALUES
  (
    1,
    'Történelem',
    '2026-04-13 13:10:19',
    '2026-04-13 13:10:19'
  ),
  (
    2,
    'Irodalom',
    '2026-04-13 13:10:19',
    '2026-04-13 13:10:19'
  ),
  (
    3,
    'Magyar nyelv',
    '2026-04-13 13:10:19',
    '2026-04-13 13:10:19'
  );

/*!40000 ALTER TABLE `subjects` ENABLE KEYS */;

UNLOCK TABLES;

--
-- Table structure for table `user_logins`
--
DROP TABLE IF EXISTS `user_logins`;

/*!40101 SET @saved_cs_client     = @@character_set_client */;

/*!50503 SET character_set_client = utf8mb4 */;

CREATE TABLE
  `user_logins` (
    `id` bigint unsigned NOT NULL AUTO_INCREMENT,
    `user_id` bigint unsigned NOT NULL,
    `ip_hash` text COLLATE utf8mb4_unicode_ci NOT NULL,
    `created_at` timestamp NULL DEFAULT NULL,
    `updated_at` timestamp NULL DEFAULT NULL,
    PRIMARY KEY (`id`),
    KEY `user_logins_user_id_index` (`user_id`),
    CONSTRAINT `user_logins_user_id_foreign` FOREIGN KEY (`user_id`) REFERENCES `users` (`id`)
  ) ENGINE = InnoDB DEFAULT CHARSET = utf8mb4 COLLATE = utf8mb4_unicode_ci;

/*!40101 SET character_set_client = @saved_cs_client */;

--
-- Dumping data for table `user_logins`
--
LOCK TABLES `user_logins` WRITE;

/*!40000 ALTER TABLE `user_logins` DISABLE KEYS */;

/*!40000 ALTER TABLE `user_logins` ENABLE KEYS */;

UNLOCK TABLES;

--
-- Table structure for table `user_reports`
--
DROP TABLE IF EXISTS `user_reports`;

/*!40101 SET @saved_cs_client     = @@character_set_client */;

/*!50503 SET character_set_client = utf8mb4 */;

CREATE TABLE
  `user_reports` (
    `id` bigint unsigned NOT NULL AUTO_INCREMENT,
    `user_id` bigint unsigned NOT NULL,
    `game_match_id` bigint unsigned NOT NULL,
    `round_number` int NOT NULL,
    `comment` text COLLATE utf8mb4_unicode_ci NOT NULL,
    `status` enum ('Open', 'Investigating', 'Closed') COLLATE utf8mb4_unicode_ci NOT NULL DEFAULT 'Open',
    `created_at` timestamp NULL DEFAULT NULL,
    `updated_at` timestamp NULL DEFAULT NULL,
    `deleted_at` timestamp NULL DEFAULT NULL,
    PRIMARY KEY (`id`),
    UNIQUE KEY `user_reports_user_id_game_match_id_unique` (`user_id`, `game_match_id`),
    KEY `user_reports_game_match_id_foreign` (`game_match_id`),
    CONSTRAINT `user_reports_game_match_id_foreign` FOREIGN KEY (`game_match_id`) REFERENCES `game_matches` (`id`),
    CONSTRAINT `user_reports_user_id_foreign` FOREIGN KEY (`user_id`) REFERENCES `users` (`id`)
  ) ENGINE = InnoDB AUTO_INCREMENT = 3 DEFAULT CHARSET = utf8mb4 COLLATE = utf8mb4_unicode_ci;

/*!40101 SET character_set_client = @saved_cs_client */;

--
-- Dumping data for table `user_reports`
--
LOCK TABLES `user_reports` WRITE;

/*!40000 ALTER TABLE `user_reports` DISABLE KEYS */;

INSERT INTO
  `user_reports`
VALUES
  (
    1,
    1,
    1,
    2,
    'Túl gyorsan válaszolt, gyanús',
    'Open',
    '2026-04-13 13:10:26',
    '2026-04-13 13:10:26',
    NULL
  ),
  (
    2,
    2,
    1,
    1,
    'Lehetséges csalás',
    'Open',
    '2026-04-13 13:10:26',
    '2026-04-13 13:10:26',
    NULL
  );

/*!40000 ALTER TABLE `user_reports` ENABLE KEYS */;

UNLOCK TABLES;

--
-- Table structure for table `users`
--
DROP TABLE IF EXISTS `users`;

/*!40101 SET @saved_cs_client     = @@character_set_client */;

/*!50503 SET character_set_client = utf8mb4 */;

CREATE TABLE
  `users` (
    `id` bigint unsigned NOT NULL AUTO_INCREMENT,
    `name` varchar(255) COLLATE utf8mb4_unicode_ci NOT NULL,
    `email` varchar(255) COLLATE utf8mb4_unicode_ci NOT NULL,
    `email_verified_at` timestamp NULL DEFAULT NULL,
    `password` varchar(255) COLLATE utf8mb4_unicode_ci NOT NULL,
    `elo` int NOT NULL DEFAULT '1000',
    `xp` int NOT NULL DEFAULT '0',
    `is_admin` tinyint (1) NOT NULL DEFAULT '0',
    `remember_token` varchar(100) COLLATE utf8mb4_unicode_ci DEFAULT NULL,
    `created_at` timestamp NULL DEFAULT NULL,
    `updated_at` timestamp NULL DEFAULT NULL,
    `deleted_at` timestamp NULL DEFAULT NULL,
    PRIMARY KEY (`id`),
    UNIQUE KEY `users_email_unique` (`email`)
  ) ENGINE = InnoDB AUTO_INCREMENT = 4 DEFAULT CHARSET = utf8mb4 COLLATE = utf8mb4_unicode_ci;

/*!40101 SET character_set_client = @saved_cs_client */;

--
-- Dumping data for table `users`
--
LOCK TABLES `users` WRITE;

/*!40000 ALTER TABLE `users` DISABLE KEYS */;

INSERT INTO
  `users`
VALUES
  (
    1,
    'Teszt Elek',
    'teszt.elek@gmail.com',
    NULL,
    '$2y$12$GlgIkVGJ8e5mN7/FUjkko.zxc/6FEN3.tscbcvZmJBc4qBZ9CMUPe',
    1200,
    450,
    0,
    NULL,
    '2026-04-13 13:10:25',
    '2026-04-13 13:10:25',
    NULL
  ),
  (
    2,
    'Kovács Anna',
    'anna.kovacs@gmail.com',
    NULL,
    '$2y$12$DeAhPfnXOoJ9RuLo4z1RCudbp28Je7EVQ9BW.qTocwRGH7WtPI.WO',
    950,
    250,
    0,
    NULL,
    '2026-04-13 13:10:25',
    '2026-04-13 13:10:25',
    NULL
  ),
  (
    3,
    'Nagy Béla',
    'bela.nagy@gmail.com',
    NULL,
    '$2y$12$hbVpeuUyoaD/iQ/p2KK.u.gq43rM/miSE.8CbZYkAMM07ywGmB4ZK',
    1400,
    1200,
    0,
    NULL,
    '2026-04-13 13:10:25',
    '2026-04-13 13:10:25',
    NULL
  );

/*!40000 ALTER TABLE `users` ENABLE KEYS */;

UNLOCK TABLES;

/*!40103 SET TIME_ZONE=@OLD_TIME_ZONE */;

/*!40101 SET SQL_MODE=@OLD_SQL_MODE */;

/*!40014 SET FOREIGN_KEY_CHECKS=@OLD_FOREIGN_KEY_CHECKS */;

/*!40014 SET UNIQUE_CHECKS=@OLD_UNIQUE_CHECKS */;

/*!40101 SET CHARACTER_SET_CLIENT=@OLD_CHARACTER_SET_CLIENT */;

/*!40101 SET CHARACTER_SET_RESULTS=@OLD_CHARACTER_SET_RESULTS */;

/*!40101 SET COLLATION_CONNECTION=@OLD_COLLATION_CONNECTION */;

/*!40111 SET SQL_NOTES=@OLD_SQL_NOTES */;

-- Dump completed on 2026-04-13 13:12:49